May Mueller;956686-5649;TCGGCGTATAGCTAACTTGCAGGGACGGCTGGGCCCACGTTGCAACTCCTAGATGGCTGGCATCCTCTGAGGTTTGCACTCTAACGTGTCACCGTACTCGATAATCACGTCCTACACCCCCGCTTAGAAGGATAATCTCTAACGGACAAACAGGTGTCACATCATAAAATGTTCGGAAAGACAACTGTGCGATGTAGATGATTGGAACGTCGTTCCGAGCAAGGTTTTTACTAATACCCACCGTTACCCATCGCGAAGCTAGCGTTTGACATGATGTTGTCACTACCTAACCACATGCTGATGTTATCAGTCCAAGTCTGCTGGGCCAGCTCTCCAACAATAAGGCTTTAGATTTACTTCCCTCGCCCCAGTAAGGCTTCGCGGGGGAGCGACGTAGTCC
Declan Obrien;624032-8994;GACGTGAGAACGACCGCTTCGCGGAATTACCGGCATTGTGAGCTCGGCAGCCCGGACATCCCTCGTACGTCACAGGTGAGTACCATACCCTGTCACCCGGGGGTCTTGAATGTCAAGTAAGGGTGTTGGACTATGCCTGCAACCTGCCTGTCGTCTTAACTAGAGTCATGCCCGCTGTCACTTAGTCCGACGTTCTAACCTTGGCCGGCTTCGATTTCAATTTCACCGGTCGGTAGCATGCTTCCGCTACCGCAAAGCTCACCGAATGTTATTTCGCGGATATGACTTCACGGTACAGCTGGTTTCCGGCGATGCTTAGTTCCCTGGAAAACTACAAAGTTATATAAGTGCACTTCGGCCAGAATACGTAGCTTATAGAAACCTATTTGGTTCTAAGTGA
Shaine Irwin;145281-9616;AAACCGCAGGTCCCCACATTGTCTGAACTAGTCTAGGCGGAATGATCACGTGTTTGGCAAGTACTTCATGAGTCCGCTTTCAGAAGAATCGAGCACCGAGCGCTCAGGTCAAAAAGGCACCGGACATAGCCCGCACACTGCCAACGACTTAGCGGATGGCCTAGTCGCGTGACCGGTGTGGGTGGCATACTCCCACTGCTGCGGTTCGGATCTACCCTCCCGCATTAACACACGAGAGTAACGTGTGTAGTGGTAAATCACCCCAGATAGGAAGTCCGGTCTGCTGGCAGTTCACTACCTTTCCTCCAATGTTTGATTCTCGGGGCTCTATCCAGAACGACCCATCACCTGTGTGTTACAGAGAGTTCTAGCAGAAACGACGGGGTGGCACGACTTTGGG
Zena Powers;283876-8097;TATGAATCTCTCCTGAGACTTATAGATACCAGCTATATCATAACTCCTTGGAACGACCTTGCCTTCCCGGAGAGGAGAACGAGACCTCTAAAAAGGATGCACTCGACGAGCTACTGTCCGACCCTCGCCCAGGTTTACTATTCGTAAACCGGGTCAAAATCTCATCTAGAAGAGGTAACGAGGGTGGGGAACCCGATCGGTCTGGTACGCATGGGGTAGCGATAAAACCGTTGAGCGTATTATTCATTTTAGTACTGTGCGGTGCGTACTGAGAGACTACGGCTGTATCGGTAACGATGCCGGAGACCTGTTGTATGCGACCTATCTCCCCCACCGGCCTCTCCAACCTGAAAAAAGTGCACCAAGGTGTACCGAGTACGGGAAACAACAACACCAAGTT
Ila Waters;788088-3702;CTCGTTTGGCTGGGTAACTCTAGTTAGATCCTGATAAGGCTCGCCGAATTGACTCCATGCATCCCCGACAGTCACAGAAGTTGGGCACGCGCCCCTGTGACCACCGCCTTTCTATTTACTCCGCGGGCATAGCCCCAGAATCTAGATCACAGAGTGCGATGTGGACCGTGCGACGGATCTCTTAGAGCGAGACACTGTGTTCAACACGCATCCTACTCTGTACTCATTCACGGCTCCCCCAACCTGGCTCTTAAAGACCGACACGGTTGACAGGTTGACCATGAAAACCGCATCCCGTATTTCAAAGGCATGGAAAACACATAACGTAGCCAAGATTTGTGTTTTAGCCAGTTTTAACTGTCAAGTATACCTACAAAGGGGGAACCTGACTGGGGCTACT
Abel Compton;493707-5648;CGTTTTGTACAGTTATCAGGAGCCGGCGTTAAGGGGAAAAACTTCTCATTTTTTCTGGCATCTCGTGTAAAGGTGTATAGTGCTTACAGCCCTTTAAGACCGGAGTGAGCGCGTGATATGCGCTGTAACAAGACTCGTGGCACCCTATGTAGATGTTACCGCGAGTGGTATCAAGAGTCGCGACCGGACATCGTCCTTGCAATGCGAGCGCGGCCGATACTTCGATACCTGGATCTCCGTCCATAGATAAGTGCTGCCATTTTTATAAAAAGGGACAGAAGCACGATTACCGAACATGTACCTTCCTTACCTCGCATATAGCACTACGAGGACTGGATTACTACAATCAAAGCCGATCCTAGAATAGCAGATAATCTATAGTGCTGAGAGTTATACATCT
Elliott Henson;087593-7773;AAATAGTATACAGAATACCAACAAGTTTGCGGTCTGGTAGCTACGTGTGTAACAATAAGGGAGATCAGGTAGAGGCATATCCATACCTCATGCCTAAAGTCGTTTACACTTAAAGTCTTGGCCACCTCAACTGAGTGCCGGAAAAATGTAACGGGTGAAAGATAGGTTGGATGAGCAGTGTGCACTATCACTGCCCGTTGACTTTCATATAGTGGCACAATGAGCATATTCAGTTGGTCTCGCCATTGGTTCATTAGTCGGTTATAAACTCCGCCACTGTTAATTTCATAGAGTCTTTCGTCGACGTTCGGCCGTATGGATGACGTGTCCTCCGATCAATTGAACTTCAGTTGGTGTAAGCAAACAGAGAGCTCTAGCAATAAGCGAGCACTACGGAGGA
Eugenia Phelps;235543-5591;GTGGACAATGTATAATCAATATTGTTCCAATCGGGGCTCGTAACGTCACGGATATCGAAGTAACGTGCCGTCTGACCACCAGAATGGGTTCTGCCTATGCGGAGCGTATGTTTAATTCCAGATTGTCCCATCGATATCCCCAGGGATGGATATACAATAAGGTTAGGCCCGACCTGTCAGGACGAGCGCTACAGCACTCCGGAATCAGCTTGGGTTGTTGTTGACTTATATCATTACTGGACGTAATATGCTTTGCAGACAGACGATCCATTACTCGGTACAAGTATCTCCGGGGGCGGAGTGACCCTAAAATGCAAGTTATTGATAATTCGAGTTTAAGCCTGTTATCTCAGTAGATGGTAGCCAGTGGGCAGTAGCTTCCGCAACCTGGCCTAAACTA
Ivor Pruitt;504777-3683;ATACATCACGGCGCCGGATGTGACGATATCGTAGAATAGAAATGGAAGACTAGCAGTTAAACGTTCAGACCTGAGAGATACTGACTCTGTGACGTCTGCCGCTGCCCCCTATAAGCAGGTCTAGAGCGTTCCAATCTTTTCTGAGATGATAGGTAAATCCCCAGTACCCACCCGGACATTCCGGGAGTTCATCTTTCGACACATTGCGTTTAGATTACCTCTTGAATTCTCTTTTCTGTGCCCAGGGAATGCTCGCGTAGTGCGACAAGTCAAAAGGCGGGGAAGCACAAATGGACAAACGACCTGAACTGCCCACACCAGTTATGACTTCCACCGTCAAGGCCGACCCTACCGTTTGAGTGTACTCGAAACAGCCGCCGGTGCGGGCCATGCTGGGTAA
Xyla Hammond;134035-7241;AATTGGCTTTGCCGCCGAAGTCAACGGAGAGTGTTGGGTTACATTGGAGTCACTGGATGACAGATGTTGACGTATCTTTGCAACAACGCCCCACTGTCTAGCGCGGGACTACGACTGTCGCCAGCCTCCCGTACTCATCTGAGCCACACATTTGGAGCTACCCTACGTATGTTACCTCTTTAGGCTCGAGAGTAATGGTCACGAGGGTTTACCACAAACAGAGCTTGGTGCTCCTTGGCTTCTCCCTTATCCGTCCTGCTGGGTCAACAGTTACTTAGAATCGCACCGACCGATCCCGCTATACATCAGAACGCGGGAGAGCCGCGGTAGTACTAATTCCTGAGACGAAGTCGCAATTACAAACGCAAGATCTAAAGATCTAAATCATAGACGAGTAACA
Grady Cotton;992715-4378;TATGGGCATGGGCTCCAATGAGGGCGTGAACTGTATGCAGAGAATTAAGTTCCGTAACATGGTTTTCCTGCCTGGTGATGGGTCGATCCTTGACGGTGAGCAAGGGAGAAATAACCGCCTCTTGGACCATCCTACACCACGCGAGTTCTACCGGCCGAAGTGCTGCAGCCACCGCTTGTATCGGTATACTGTATCAACCGTGCCAGCCTGGCTTAGTAGTGGATATTTTCGTATAGTTGAGTTTATTCCCAGGGCGCTTGCTCCCGTTACCGAACTCGGAAACTAATGCACCTAAATGGTCGAAAAAACGCCGCTCCAATACTTTTTACTGGAGGCCGCGCTGCCCGGGCACTGGGTAAATAGCTGGCGTTGGCCCTCAGCAAAAGAAGGTAAAGCATTT
Beck Potts;184261-2648;TTTTGTGCACTGTTGCCAAGGTTGAATGGGCGATAGTAGTATTAGTCAGAGTTTACTTCGTGCGCTTACCCCAACCTAGTCTCGACGCACGAGTCACCCATCAATGCTCATTGGTTCAACCGACTGTCGACACGTTGGCCGGGGGCGAAGTAACGTAGTCTTTTCTTGGACGTACGATGTATACCGCCCCGACCACCAATCTGCAGGGTGTGCTCTGGCCTCAGATCATCTTGGCGTACTAAATTTTCGTAATTACAGGTCGTTATCCGAGAAGTGAACATCGACGTTTACCACAGCTCTCCTCCGGCAACAATCACACCCCGTTGTAAGAGCTGCGTCTGCCCAAGCTCGCGCGCGGGGTGTTCCGTTCTCGATAGCAGCAGAAAGGCGTAGGTAAAAA
Adam Prince;387401-9957;CGGGGTTTATGGGGGCGGGTCACCGAAGTTGGTCCCTAAGACAAGAGCCATGTTAGAATCCAACCCGGCGCGCCCTCTGCCAACTCCATACCGGCAGCCGGCTAGCAACAAATCCCGGGCCTAAAGGCTGCCTGACGGTGGTAGAAATGTAGGCGGATCAGGCCGACTCGGAGTTGGGCATTCCTGTCGTTAGATATGATATCCTTGGTGCGACCCCATAGTCCTAATGTGTCGAGCCAAGGCGCCCTTCAGAATGTGGCTCTCTGCCCGGGTGGCATGACACCTGTGTGATGGCTTCCACTACGGTACGTGAGGGTGAGGATGGTATCCGCACCCTTACAATCCATCTAAGCATGGAACCTTGTGTGTTCCCGAAAGTTATGAGAGCCCGTGGCCCCGC
Timon Hooper;948529-5761;GCACTTTTTTCACCCTCACGTCTTCCGAGAAACAACCGCTAACCTCTTGCGCTCGCGACTAGCTAATAGCATTAGATCCGAGGGCAGAAGCTAGAACAAGATTTATATTTACTGACGGAGATCGATAAAATGCATGTGTGCGAGTGACTGTCATAGAACAATAAATAAGGGCTTATACCTTCCAATCAAGGGATGACCTCACTCTCCATCAACTATAGCCGCCCCGTGCGCGGGCAATGTATCACATGCAGATGTATCTCGAAAGATCACCAGCAATACTAACAGCTGTGTAATCTAGCTGGGAACAGGAGGCTCCTAGCATATTCTAGTCCATTGCCGGATGTACGATCACATGATGCTAAATTGAAACCTTAACGGCGTTGTACAAGGATATTAGCGA
Vera Franks;974007-9265;AGCGTTATACAACCCCGTTACAATATTGTGTTCGGTACATACGACTACCCCGATCGACAACGGGAGACAGTATAGCTCTCGTGGCAAACAACCTTGTTCATTCTGTGCCGAGCATCGCACATGCTCACGTCCATCCGAACGAGCTTTAACGGAGAAAACCTGCGGCAACGCGACCATATAGCCCCCTGCTAGGGCGTGCACACATCATCCTGCACCGAGCGATCTACATAAAGACAACCCGAGCTATCCCCAAGCTTAGTCATAAGAAGAACGAGCTACCGAATACTCTTTCCGTGTCATCTGCTACCGCTGCGATGTACCTAGCGTACTAAGGTATCTGTGAAATAGCACTTAGTTTAAGCTAGCGAATCGCAATTTGTGCTGGCGCCCTAGGGACTAA
Eve Peck;559944-1606;TGTTTGGGTTCTCCTGCTAATTATCCAAATGGGTTTGTAAGGGAACACAGCTGTACCCGTGGCTACGCGATAAGGCGAATTGATTAGGCGTATGATAGCGGATCTTATTTACAGCACGGAAGTTATACGGAGTGACCCTGGCTTATATATCCCATCTCCCTACGAGGAAGACTGCCAACTAGACGCTGCTTATAGCATTTTGGGATCGGAAACACGTTGCGCCCAGGTGCATCACCCAGAATGGTCGGGCGCACAGAATTGAGGTTCCACGCTGGACAAGGTGTCGGAAGGATGAGCATATCAGTCACGATGATAGCCTGGTTGCGCTTATTTACGAACACTGCGCAATCCCTGCGCTACTTTGCCAAACCGTGCAATTTTGGGCCGTGTCTCACAGTAT
Aristotle Marshall;697808-0379;CTATCCGGCGAGGAATACGAGTTAACGTGTTTCACTTTGTTGCTATAGCACCTCCCAATATGCAGTAGAAAATGCGACAGGTCTCCTCGCGCAGACACGTCCAGCGGTGCCATGAAATCTGCTCGTGACACCCGCACTTCAACTCCGCGTGCCGTACAAAGCCGTTGGATGATCGCGCCCTACCGCCTGTGCGACCAGACCCGATTACTGAGGGGTTTAGGCGCGAATACAGACAGACATCTGCGGGGGTGGCGGACGCAAGGCCACTTCGACCGCGTGGGGATAGACATGCGAACAACACGACTAATTTCTCTGAATCGGTCGAATCTATGCGGCTAGTCGGGGGGGGTTAACTGGTCTTTCTAAAGTCCTTCCCCACCTGGACGGTATTCACAAAAAC
Rae Glass;415287-0400;TCGCCACGCGGGTCCCCACTCGTGCGGCGCATTGCTAACATCTATCATTCACGCCGACTTCCAGAGGCTGGCGAGAGTTGGTAGGTGAACTACAATGATAGCCGGATTCGATTTCAAGGATGCGCAGAGTCAGTCGTAGCGCTCAAACTTCCTCTCACAGGATCCATGCTATCAAGGTCGCCAAAGTATCCGAAAGAAGGTCATGGAAAAGCGGCCACGTCACACCCAAGGTACGGTGTCACCCAGATTGGTGATCCCACCGTACACTCGTCAGGCCACTTGAGCTCGTCCTGGTGAGCATCGGGTTAGGCCAATCGCAAACTGACAGATACCGAAGCGCAGGGCCAATCTCTTAGTTCCGTAGCTGGGTGTATAACTGCGGCTTTGCATCGTTCGAATC
Glenna Davenport;952029-3300;GTCATCATCGGAGGGGAGATGCGCAATTCAACCTACTTTTTAGCGTGACTTGGAGCAGCGCGACAGCAAAGATCGGGACCTCTGTCTGATAAAAAAACGCCCAAATTTGGACGGGTTGTCTCCCTAACGGTTTAGTCTTTCAATGATTGAACTTCCTCGATATACTCACTATACACACCCGGGCAACGTGCTTCACTGTCCATAGCTCTACAAGGATACCTTAAGGCAAGCCCGGCCGACGGTCAGATCAATAACACGACCAATACTATAGCCCGGGGATCTGGCTGTAGACTTTTGCTTAGATGCGCTGTCCGAGTATTCCGATTAACTGTCAACAGCTGACTCCAAGCCATGGCTCCATGCGAGGGCAACAAGTATTGCGCAGGTGTCAGTCTACAAC
Sandra Mckee;027843-3396;ACATCTATAAAAGCAAACAATCCAAAGCTCGTAACGCTCTCGGTAGTTCGCCGTGCGGCGGATATGTGGCGCTTAGCAGAGTCGCGTTGAATCCTTTTATTAAGCTTTGAAAACCACGAAATATCAACACCAGCTCAGCTCCAGACCGGTCTGGCCCATGAGGGCGGCGTAAACACTCCAAGTGCCGAACTCAGTTCGTGACTGTAGTCTTAGAGTCGGGCACCTTCATTACTCAGCTGGAACCCTTGAAAAAAGTACGAGACTGCGCGCTTTATAAGTACTCAGCACGATAAGTTATTATTCCACGTGGTAACCGAGTCTCAGAGACGCTGGTAGCCAAACGGACAAATGAGGCCCTTATAAGAGCGGCGACTCAATACTTACCGTTTCAACGATTAGT
Jessamine Roy;749386-0998;GGGCCGAGGAATGATAGTCCTGAGCAATTTCGACTCCCGTCGTGGAAGCACGCTGAAATCCCGACCATCTCAGTACGAGGATAGCCTGTCTGGCTAAGAATAGTATAGCCATGATTGTTGTACAAAGAAGGTTCGATGTGTTGTACAGCCCACATGTACAGCACGTTGTGAGCCGAAAAGATGTCGGCTCAACATGAGGTCTGGTTACGATAATGAACCTCACCTCACACCCGAAAAAACTGCTATTAATTACCTACAATACGCCGTTAACTGAAACGGCAGGCGTGCTGATCATCTCGTTTACCCTAAACCGACTCGTCTTAATGCGCTAACAGCTACTTGCGAGCACAGCCAACAATATAGGGTAGAACATCCGGCCTCATAAGCGCAGCTTGTGAGG
Vanna Riggs;405026-8046;CGTACTGTGAAGGGATGAATTGAACCACAAAAAAGGTGAGGCTGTCCCGTGCTATGCATAGGAAATAGGCCCTGATGCCGATCGGTTCCGGCGCCGCATCGTTAAGTCTGTTAAGGGTTTCAGAGGATTTCGGGGCCTACATTCGCCTATCAACATGGAAGCGATTACCGTGTTTGCCGCTAAGATGCGCTATTATCTCGAGGAAACCGACACGTTGTAAAGTGGCTTGACTTGGATTCGTAGTCTATAAGCTAAGTAGAGCGGGATCTAGCGTTGCCTAGTCGCACGGTGAACTACGTCCGTGGCAAAATAGCGACAGCCCTGCCAAAGGTTCCCGAAGGGTGCGTTTTTACAAAACAAACCGCTGTGCGACTCAACGTGCCAGTCGTAGCACCCCTGG
Maggie May;244756-5603;CGCACATAATGTGAGGGTTGGCACTGAAACCGCTTCTGCCCCTGTCAAAAGGTCCTGTGACACGTTCGGCCAAATATCATATTACCCTATCCAATGCGACCCCGAACCTGAGATGCTGCTGTACGAGATCTGACCCGTTGTGTACAGGACATAAGAGCTAAGGGCGAAGTACGGTACATCGCCAAAAGGTCGGTGTTACGTCGTGCCTGTGCCATGGCCATTCAGTTAATGAAGGTTAGGACATCGCTTGAAAAGTCAATAGGTTCTTTAGGTCGAGGCTCTTACGTAAGGGACAACGACAGTGTTAGAACAAGCGATGCTGTGCTGCTGTACGCCTGATATCCCCTCCATGAACCTCTGCCTACACCGCTGAATTCTAAACAGCGTCTTACCGTTACTC
Amela Mccoy;298209-0132;GAGACCGAAGCAGAGCTGTAGGTATTTCCGTGTCATCTTTGGCGCGACAATATCAATTCCACATGAGCAACTAGCTGCCGTCCCCAGCGACCGTTGCGATTGGATTCGGGTTGGCGCGTATAGTTATTCCAACGAGGGTTCACCTGTTGGTGAGCCACAATCTCAGCCTTTTCGCCAGCGCACTCGCATGATTATTCGTGGGTGGCGAGCCATCATTAAGTCACGCGGCCCTACTTGTTGCTGTTATTGTTATCTCTCGGGCAACATCACCCCCTAATCTGCTCCGGAGAGGACTAATGAGTATTTAAATCGTCTGAAAGCAACAGATGTCTTGTAGGGCATAAAGACAGTACACGATTTCCTAAAGATCGTTGCGGCTCCAACCAGGGATACATTGAAA
Kristen Vinson;787608-9272;GTTTGCTCGACGAGATATTGGCGGAACAAATGTGTCCAGCGAGTGACAGAATTGGCCGAAATAGGGCTTCCGTTTTAACACCGGGCCCCCCGTTGGCATGACCGCCTCATCTTTCCTACGTGCTGACACTCACTGGTTCTTATTCAAGCTGGGCCCATGTAGTTACGTTGCCTCTTTTTTTATGTAACTTAGCCTGGAGTCTTCTTCGGTGGCCCCTCGGAGTAGCAAGGCCGGTACCCCAGAACGCGTGTATCTCAGGCCGCGACAACACCCCGGCGTCAGGCAACATATGTGCGTCACGGAGCGGATGATTGTAATCTGTATGAGCGTTTTTCTTGCAGCTTGGCCGTGTCACAATGGGCCCTCCTCATCTGAGTTGTACGGGGAAAGGGCCTGAGGG
Jacob Thornton;966443-7325;AGAAGCTGTTTATCACTGACAATCGCACGATATTTGGTACATCTGATAACCATACAACACTTTCGTAGAGAATGCAGACAGTCGTGAGCTGTTCAGGGCTCTATACTGCTAACCAGACCGGTCTTGGCTCGCACGGCCAAGTCCAATCCATTCATGCATCTCGGTTGTTCAACAAAATCACTGCGATTATTAAGTCGCCTTCAAGACATTGTCCAGTGCGAACGAGAACCAGGGCCCATCGCATCTCGCTAACCCCGCATATGGGTCACGACCGGACACGAGCTCCGGGAAATTCGACAAATCGATCTAAATTCCAGGATGCTAACGTAGTCGCACGGCAGAGAAGATCGCGTGGTTGCCGTGTCCTTAAACTGGAGCTGCCCCGCCCGTTAACAAGTTT
Gray Bean;664659-3787;GACCAGATTCCAGCTATCGGATCGCAGGCAGATGTCTGCTGAGCTTCCTCCGGAGTACTAGTCAGCCATTCATTCGGGTCTTCAGGCGCCGAGGCGAGATCTCAATTTGGAATAAGCCTTGTCTAAATTCCCATGGAAGGACCATTACTCCTGATTTATTGAGGGATGTGAGCACTAATTCCTACCGGCTCTTCTCAGTTAACGGCTGTCATTGCGGCGGACCCACATTGTCTCATAGATGACATCTACATCTTGCATTGTGCGTAAGGGCGAGGCCACTTAAGACTAGACTCTAGGTGTTCCGACCCAAGAGCAGAGAGTCGGTCCGAAGTAACTAGCTCAGCATCGCATGCGGAGCACAACCGCTTGCCAATCCAACGGAACTATGAAGTATTGACCT
Gloria Wagner;584008-5673;TTTGGGGTGTTAACTGGCTCAATCGAGCGACATAGCGGTTATAGCAAAAGAATCATTGAGTACCTATGTAGTAGGAAGAATTCCGATTACCAAGAACAATAAGAGAATCAAGATGTTGGAGAGTTGTATCAAGACCAAAGCGCGGGACTTCAGGCCTGGGGTCGATTGCTGAGGACGCGAGTACTAGTTCAACGTGGTTCAAGCGGGCGCTCATCCTATACAAGGTCACACGGCCGTTGCGACAGCAATCCCGGCAGTGAAATCCGCTCGTATGGCGAAGCTGTTGCACGCTCAAACGGGGACATGCGCTATAGATCTAGGGTTCCTCCAGATCCACGAGAGACCACGCTCTGATAGAATTTGGATGAACCGTAGCGCGACTTATAGGCACGCACATCAT
Chester Hobbs;477970-8843;GTCAACGATAGGGCAACCGGCGAGCGTGCTATATCGCTGGGCCTTCGTCCGGGAGGTGGGAATTCGAGCGACGTACTGGGCGGATGACTGTCGATACTATCTGCGGCTGCCGGCAACTCTTTTGTAGCGGGGTATTAGCCTAGGTGCCTAAGTGCGACTCTTGAGGAAGAAGACAATCACACAGGCAGTTGAGCCGCTGTGTTTTACATCAATGATCACCCACTGACTCAACGGCATTATCTTTCTTTCATTGGCAAGCCTTCGAGTAAGAGTGGTGGGAATTTTGTGACCAGGCATCCTCGAACCCCAGTAAAATACGATGTTCTAATCCCCAGGCCTTAAATTGTCGGATGGTCTAGACTTGATCGTATAAAATGTCCTTGCGAAGCTGAGGCATATC
Lavinia William;994947-5223;AGTATGGCATTGTGTTGGTAAGAAAGACAGCGCTAACCGGAAGACAGTACGCAAGTAAAAACCCAACGACAGCGAATATAAACTTGTACGCTACACCGTCTCAGACTTACCCGGAACCTGAGGGAACGCAATGACGTCCCGATTAGTATGAGTGTCGGTGGTGGTGGTCGAAGCCGTATACGATCTTCAATTCGACGCTATAAGCACGTAACCCCCTAACCCGCTGCGGTGCTTCAGTCGGTTCGAAAATTGGATTAGTACGTGTCGTAAGGGCGGACAATTATATGGATTGGTATCGTTAAGTTCATTTAACGTACCATACAAGAAGTAATTGGACAGGAATCGCGTTAATCGGGACTTAGCTCTCGTTGTCGTCGGCGCTGTGCCGAACTCATTAGAA
Demetrius Rodriguez;754407-4953;GGCTGAACACGCGCATCGTGGTGATGGATTTCTACTTCTGAGTCAGGATCCGATTATGATCCGCACATCGGAGTTTTCGATACGAGCTGACTTGCGCCTACTACGTGTCTATATAGGCCAGAAAAACCCGAAATTGAGACTCAAACATTGATGCACGGTTCTGCCTGCTCTCTAGCACTATGTATCAGACCGGTACCACGCGTTGGGAGTATGTCCGCAGGACTACGACCCGTCGGCCGAACTTTCGACAACGAGGATTTACAAGACTTCAATGTAGGTAGAAAAGAAGGGGCGACTACACGAATGGATCCGCGCGTCCTCGTCATCTCGGGTCACGTCTACAACAACAACCAGAGTACAGAACGCAAGACGAGTACAAACAAGGGTCACGGGAGAACAG
Ramona Conner;963672-5948;AACGCGTATTAGAAATGAACGAACCCGCGAATAAATATACTGTGATCAAGACGTCACGTCGACATACCGCATTTTAGTCTCGTAGCGTTGGCTGTCGCAACTTGGCAGCGAAATGCGCGCGACAGATTCCCGCGCTATCTGGGACCGTCTTCGGGTAGCAGGAGAGTATAACCTCTTACATCTTTCGTAGATGCGTGGTGACATTTACTCCACGGCATGAGCAAGCCTACCGAGTACTGCACTCGCGTGAATCGTCAACAGTCCTTGGACATGAAAGTGCCACCCCAAACTCGCGTAACGAGAAAAGGGTGATATTGCCGCCACGAATTGACGATTGTAGGTGAGCAAATCGCCGACCGGCCACCTGGGATTGACCGTTGCCGCGGTCATAATCCAACGT
Hayes Moses;547437-1027;AGATAGTCACGGGGCCGCTCGACAACGTAGGCTACGCATTTGACAACATCTTGAAGTGGCGGTGATGTCCGCGGAAAGTCGTCCAGTGCGGATTAGGTGCAAAGTCGCAGGAATCTCCACATGATTGTGGGGCTGCGGTTCTCATCCGTACGGCAAACCCAAAAATGACATCAGGGAAGTCTATTACGGCCTTACTCGGTGTCTACTGGTGGGACCAAACTGATTAGAATGACGCTACAGTTGCTGCAGGGATCCAGCTACTGCGGCGAGCCTTTGCTGACATTAGGAGCTTCGGCACCAGATAAATTGGGGAGCCCTAATAGTATCTGCGTTTGTAACTTCTCTTGATACATTCACATCCTCCTTGTTGACATCGACTCTAGGCTATCCACGAGCATTT
Trevor Cain;774245-8644;GCTGCGTGCTTCGACTCCGCTGTAGAGATGGTTGAAGAAGCGTCCCCTTTAGGTTCCGTCGTTCTGTGGAAGGTGAGTGGCTCGAATTGGTCAAACGGAAGATTGACCTGTTAGTGTACGGTGCGCTGCTTTCCTGCGGGAGGCCCTAGACATGGGGCACGTTCCATAAAAGCGGTCACTTGCATTTACTAGGTATGCGAAGTTCCGACGGAATGCAGCGTCAAGAGGATGCTGCACTTTAACCTAAGATCAGACCACTGTGTTCTTTGGCCATAGGCCTCAGAAAACGGCCCAGGTGGGTTTGCTGTGTTGAGTCAATAATGTAGCGAGCGTGTAGTACCGATTCGATCCAAAATGGATGCGAGCCCTGAATACACCCGTCCCAATTACCATGCGTGTA
Vivien Fleming;513114-9584;CAACGTACCTCGCCTCAGCGTTAGTTTTTGTTGAATAGGAGTGTCTGCTACCGCAAAGGCGAAAACGTTCTTAGGGTCAACAAGGCCTCAGCAAAACACGGCCCAGTCAAATGAGGTGTCCTAGGCTCTCGCAATCCCACGCCATTTAAGGGACAGTCAAGAGAAAATGCGAAGTGTTTGAGGATCTGAGCTTCTAAGGGTCTGTCAGCTCGACCTGCCTCTCCACCATCTCTAGTTCTGAGATCTTTATTAGCCCATAACCCTAATGCTGGAATGTATCCTGTACGTTTTCAGACGCGATAAATACGAGCCCTCTCGAGTGGTCTGTTGAGAGGACCTTCTGTCTACGAAACAATTAGACTGAGGCGCCAGAGTATAGCCGTAAGATGATGCGGTCGGT
Lawrence Lester;145404-7315;TGTCGCTTAGGGCTCCAAATAGATGGTTGCGCCAGCAGGTGCTCTAACTGCGCGATACAGGCAACCTGCTGTCCGAAAAGCCGAAGGGCCTACACTGAAATCCCAGGACTATGTTACGTACATGTTATGGTCACTAGCAACCCATCTACTAGCAGCTTTGGCTGCGACGCTTCTTAAACAAGGCAGCCAACTAAGTTCACTACAGTGGCGTGCAGCTGCCAATAGTATTTCATGCGATTTGTAGTTCCTTACGTTCATTTTTAGATCACCGTCAGCCGAACGTGCATACACGGAAGGATGCGACGTATGTCTACGAACAGTTCTATGTCCATGAAAAGTTATCGAAACGCCGCAGGCTAACCAGCCTGGTTACGATCCCCAATGGCCGCCTCTGTTCTCT
Lee Dodson;904988-5420;TCTTATTGTGTACCTCAGGTTAGACCGAACTAGAAAGCTACCAATCAGTTGGCTATTATAGGACCGTAGTCTCTAGGTCCCCTGATGTCCCGTCGCGCGCTGCCTGCCACCGACTATCGAAAGAGTGAATCCCCTGTCATGCCTCGAAAAATATGGTCAGTAAAGCCGGCGACAAGCACATATATAGGTTATCTCGCTAGCTATACGGATTCTCGGTGGTCAGCAGAAATGGAATAAATCAGCGCTGTGCACCCTTTGCGAGCAAATAATCAAGAAAAAGTACCTTCACCTGAGATCTTCCCCGCCCGAGCGGTCCGTTTCTAGCCATATTCGTATCCGTACTTCATTAAGCAGCATACAGGCTAGCCAGCCGAGTACAACGTCTGCTACTCTATGGTAA
Jacqueline Whitaker;753206-1368;TGCATTTCGATTGCGTAATCTATAGTGACCAGTGTTTCAGACGTGGAGAAGCCAAAGAAGATTGTGTTCAACATCGTGTAGAGCACCTTGTGTGATGCGGCATGCCTGGTTAAAGTATCTCTTGGCGGCCACCTTACAGACGGGCCTGGCACGAGGACCTTCGCCTTACCTATCCGGACCAGTGGTTAGGTTTCCGACGCTGCATACAGCGCACCACATGCGCATAGTCAGGGAACAATTCCCATTGATACATACATCCAATTCCGCTGTGCGGGATCTGCAATGCCGGGCAGTAACCCCTATCACACAATGGAGGTGGCTAGTGTGCCAGTAGACAGTCTATATAAGGCCCCCGATGCATCGGGTACTGGTTGTGGCGTCCGATCGACTTTCCACCAAG
Dara Compton;863336-1715;ACTCGTAGGCTCGCGCTTATTTTCTTAAAATCTTGTGCTTTATCTGTGCGCAATTCGACACCACTGAGACAGGGCCCAATGCGGGACGTACGCCCGGGAGCCATGCCTGCAACGTCACCGATGTGATTGTACATCGTGTGACCCCCTCCGACCACACGCGAGGGTTCTTGCTCGGGCGCACCCGCAGGTTCCCTTATGATACACGACTGTTAAAAGCGCTCAAGTAAGACCCGCGTTGCTATCACACCCTTAGCTCGCGATAGGCGTGCTCGTAATGTCAGCCATACAATGACGTCCTGATCGTGTTATTAGTATCAGCGATTCCAAACTCTATGCGCCGACCTGAAACTTTGACACCCGGCCCAATCCCCCTATATGGGGGATATCCCTCCAAGGTCCT
Clementine Hodge;895634-6624;TGCGTCGTATTTTACATAGTAGGCACTTCGACCATTGGCGTCCGAATCGTGAAAAAGGCACGCAAACGTCGGCGCCAAGGCCTAATCTCGAGCGCCGACCACACTATGAAAAGGGCACCAATGGCTTCGAAACTTGACGTAGCTGTGGTAATTGTGTGGGTCACCACATCGTGGGTCACCCCGTGAATTGCACTACTCCAGGATTGTTACAGACAGTGAGCATTTTAATTCACGAAAGATAATACAACCACACGCGTTGGACGCCCTCCAATAAGGGGATGGCGAGGCAGCTGTTACAGGTCATAAGAATGTAAGGTTCATGACGTGGCACGAGGGTGGGTTCGAAACCCGATAGCTTCAAATTCTTCGACCCCCCCACTAATAATGATTTGAGGGCCTC
Rhea Norris;744133-5473;CACTATGTTTAATTCCTGTGCTAGTCTCACCCCCATGGTTATAAACTAACTACATATATCCTTTGCGAATAGAACAACTGTTGAAATTCAGAGACACAAACCATTAGTACCTAACTGCGCTGCGCCATTCCCAGATAGATAACTACTGCGCGTGACGGACTTTCAGGAACACGAGAAGTGTGACGAAGTGACGCCGCGACTCTAGCTTACCGTTGCCGTGACTGACCTTTTCGTAGTTCTCATTCATAAAACGTCACTACTTCGTCGTTGCGCAGTCCTATCCAATAGATTGCGTAGTTAGGGAGATAGGAGATCTGAGCCACGCAACAATAAATTCTTAACTGGACCTTAAAATACGCAACGTAATTCTTGACTTAGCCTTGGATATGCAACAGTTTAT
Cameran Larson;166062-8262;GGACACGATTCGCGACGGGTCTACTTTAATAACTTATCTTGTGCCTCGCACGTTTCGTTACAGCTGCGACGCAGTTCGGATAGCTCCGTCGACCTCGGCTCCTGGTCGACAGCACCATGTGTCTACGACTTGGCAAAACTATTCAGCCGCCTGACACTGGGGCCCAACTATTGATAGTAGGATGACTTACTAAGTTCTCTATATGACCATTGGAGTCCCCATAGCTATGAGCCGACGATAGTTGGACTCACATCGGCTCGGACTTTACGGAAATTATAAATTTTGCACCTTGCTACATTGTGCATGTGAATATTTCTTCCAAACACGCAAGTCCTAGACGGCCAGTCATGTTTTCCGCGTTCTATGCCTACCATGCACCGCCCTGATCGGCATGACACGA
Hector Guerra;788335-4115;GAATACTACAGGGACATGCCGATTATTCCGGGGGGTTTCCCTTTCCAATTCGGAGGTGCTTAGAATCACGTATCACAGAGTAACCTAACGAACTGGGTGATTCGGTGCCGACGAACCTTTCGAGGTATTATGAGTACTAGTTGACGTAGAAGTACGCCTCAAAGGTATCAAAGACACAGGGATCGCGAAGTCCTCCGTTTATAGATTCTGCAAGGCGCCCATGCGCTCTGGTTTCTGGTAAGGTTGGTACTTAGTTGCCGCATGTTTCAAACGCCTCCATAAGAACAAGTGACGTCCCAGTTGCGTTTTGTCCTATTCACATCGCGATACAATGAGGCATAAGTGGCTTGTTCTGATAGGAATCGCCGGATTGGCCGATTTGGCTGGAGATTATTGATCT
Ora Wise;452165-0111;TATCCGCCAAGGTGACTCTATGCAGGGGAAATTCAAAGTAACTGTTGGATATATTATGGCACGTGGCCGCCGGAAGGGCTGGCCGATAACGACACTCTGCCTAATCCTAATCTTAGATTGGCGATACTGAGAATCGTTGCAATTTTGACGGCTCTCTTGACTACAGTTTTAAGGATAGCATACCAGGGCTCCTCTGCAGGACGGCGTATGCTTTCACGGAGGACCTGAAGGTTTTGCACTTGTCTGGGTATATCGCGTTTCTAGTAAGACTCAGTCAGAACTCCCAACATAAGGCTGGCAACACCCTGGTAACGAATTGGTGCGCCGGCGGGATAGTCGACAGAGCGTTCTGGTCTAGGCCATTACGGCCTATCCGATGCACCTTCGAGCCGCGCCAAAG
Jelani Wade;284239-6448;CGCTTTACTCGGGGGATAAGAGTGGGTTATTTCCTGTGTAAGATTACACTTATAGATCTCTTAATTTTGATCCGAGTGCTGTTAAAATTACTTGGGTAGAAAGCAAAGGCGCTCTCAGGGACAGATTACCACCCAAAACCATTACGTCGACGATTTTGCTGAATAAATCTGTACATTCAAATATCGGGGATAAGCCTCTGAATAATGCCAAGCCTTACCTTAAACTTGGTCGGCCCCGATAACCGTCGTTTGTAAGAACGAAGGGAGGCGACGCGGGGTCTATGAAGTGTATTAGGCCCCTGAAGCTTAGTATTTTTGCTGCGGGGTCAGACTCGGGAGTTTAACTCGGAGGGCGGAGGTACTGGGCGTGATAGCAAGTTCAACTACAGTCCTCTATTTT
Odysseus Cooke;438158-4426;GGAAATTACCTAGGGGTTCATCAATATCCAACTAATGTACTATCAAGCGGTGAAAAAAACGTGGGTTTGCACGGCACGTCCTAAACCTGTCCGGATGAATCGGCGTTCAGCCATCGACGCTCTCGGAACGGGAAGGAGGCCAGCGTAAGTTAGAATTCCCAGTGATGCGGAACTGCCGAGTGACTCCAAATCAGCCGCATACAACTCATCGCTGACTTACTCCAAAACTTTATCTGCGATGCGCTGTCACACGGGCCTTTTCTGTGCAAAAACACTAGGACCCTAACTGGGGTAGAAGGTTATGGTCAAGCGCTCCTCCCATGCACAGCAATAAACTAGTATTCCCGACCAGCTGGCCCGCCCTAGGGCGAGCGTGTAGAATGCTCGCATTTTGTAGTGG
Macaulay Macias;508719-8932;GCATTGCCCGTTGCGTGGTAGCGATATAGTTCAAGTCGATTCTCTAGTCCCGCAATAAGGCAAATTATCTTTACGATCATATGGGCAACGGGTGGCGTGCTTATGTACGAATTGTTTGTAAGGTTATAGGCGAGACACGAAATAGGAGCCACCCTAAAGCAATCCTGGCAGGGTCTGTGCCCACTTCGCAGTGACACTCGCACCAAAAAACGGTGATTCCAGTTTTCAGATTAGTGCAGACCAATACATGTAAACCCAGTAGTACATACCGCAAAACCCGCGACCGCAACAAACGGAGCTTAATAAGTCTGGTGCCTACCGACGATCAATCGTCCCGAGTTTCTCGGATGACTCATACCCCAGTTTCTAGCCAGGCCTGAGACACGTAGTTAAGAGTCGG
Hall Burke;896481-6600;AACCACGCACTCCTTCGGACGCGGTCATGGGTAGAGTAGCGGACATCATAGCAGGTAGTTGCGCTTGGATCTTAGGCAAACCCGTCTATGAGTGATGCTTACAGTTTTCCAACCGTTAAAATAACACTACGTACTTAGACACGGAAGTAGGTTAACACTGATGAGACATGTGCTCGTGTTTGGGTTAAGGACGTAATTGTATGGTCCTTTCCGTGATATCGCAACGTCATGACGGTGTCAGATAATTTGCTACTGTATACACGGGTACCCTTCTCAAGGAGAGCCTAGTTCTAAGTTTGACTTCCTTGGAAGACGTGCTAACCGTTCTGCGTCCTTTGCACCGATTCTTTGTTGGAACGAATCCGATTTGTTATAAAACGCATCGTGCTATCAGTCGAAA
Bree Middleton;584801-4865;TAACTAACTTTCATCACTAATCACTCCACTTGGGGGCCGATAGTCTACTTTATTAGAAATGGTGGGGTGTTGGCGGTCTGAGCATATAGAGCTCCTTCCCGGGCTCCATGCGTTGGTTTCTTGAAAAAAGCGCATCGTCCAGACCACTAAATAGTAATCGTCCTCGTCCTCCTGACTGGAGAGGCTACATGCAGCTTTGGCACGAATAGTTTGTACATTAAACCATTATTCAATGCATTTGACTAAGGCCAAGAGTGTGCAACTAGAACACCCCGAGATAAATCGAACGATATGTCCATCCCCTGTAATCAGAGTGTGAATTGAGGTTGCATAACTGCTGGTCATAACGTTCGGGACAGTGACTGCCTTCAAATGGACCCTATTAAAGCACTCCTCTAGT
Justine Fox;622913-6954;CCAGGAGTAACTACGTTTTCTCCGCCGCCCTGCCTTTAATTCAGGAGCACCGCAGTACAGTCGTCAGGTATCCTTGAGGGTTTTATCCAAGGATGTAGAGGACTCCGCGTCGCCGCTCAGCCCCCAATAGGTAACCCGTGTAGCTGCGCCCTTATGTCGTGACTCCAGGTTCGTAGGTAATTGTGCTAATGAACTGGCAGAATTCGCAGAGAGAGGTGGGATTGGCCTATCTGGGCCGTCGTTTGTCTAATGGTGGTAAAATTGGTGGCTATGATTGCGTTGTTACGATGAGAGCATAGCGTTTGGACGAACGCCCGACCATACCACACGTGCTGTGATGTCGACAGGGACTCGTACACGGGCTGGCACGCCTGACTATACTCTGGAAATTCGAGAAGGG
Melanie Herman;512497-2257;AAAAGGACGTTTCGGGACTTTGCTTAATGTGAGTCTCTATCGATTACAGGAGATGTGAACATCATTTTTTGGGGGGCTGTAGCTAGACGGGCGCCGAGTCGAGATCTTGATCATGCTGATAGACAAAGCACGGCGTTCATTTTGGATGAATTACAACCCTGGACTTCATAAACGGTCAGCAGAGAAATTAGGATTCGCCGACCGACAAAGGAGTGCCCGTTCATTAGTCTTTTAGTTACGGGTAAAAGTCAGTAGCTGACGCGATGCATCGATTGTGATGCGGACAGCATCCGTTTGGGTTCTTGTATCGAATACTGAGTTACTTTCTACGAACAATCGGCAGGACCAACCACCTGGCCCCCTCCACTTTTGATTCCGTTTAACTCTGCGGAGCAGGGTA
Chantale Conrad;695267-5012;TAAGTGGTTTCAGAGTGAAGTATGTTTTACCACGACGTCCCTCATCTATTGCTGCGCACTCGCGATACAACGTCGGCTGGGGCTAACCACGGAACAGAGGGATGTTTAGCAAAACTGTGTTGAAGACGCTATGATGGATCTGCGGTTATCCGCAACCAGCATAGGTTGCCTACAATCTTTCTCCTTCTAAAGGCACCCGGCCAATGCATATCCCACATGTCAACGGCACCCCTTTTATTGCGAGTAAACTCTATCAAACTGTTAGCTGAGACTGGCAAGGACGTATAGTGACTGCTCTGTTCCCAATGGGGAGAGCCGGAAGGAAAAACTCTAGAGCCCGCCCACTATGGCGACGCCCCGTAAAACCTCAGCGTAGGGGTCTCTCCGCGTAACTTGGGCA
Edward Ortiz;557212-1449;GAGTACCATTTTGACGCCGTACAAAGGGGAGTCGAATACAAGAAGTACAGGGCAACCTTAATCTCTCGACCTAGGGCCCTCGCACGTCTGACGAGGTACGCCACGGCACCGTTTTAACTAAGTAATGATCTTTGCTTCCGGCCCCGATGCGTTGTCCGCTCCACATTCTTGAAGATTATTTACCTACTCCGAGACGAGCATGAGGGAAACCTCCGAGAATGCGCCCAGTGCTAATCGTTAAGTATCACAGAGGCTCGCGACTATCAAGGTGGTTACTGTTGATTAACGAACGTTGATGTTTCCTGCGGGACAAGACGGAATTTATATCCCGGGGAAAAAGTTATGTGATAGGTCGATCCCACAACCAGTAGACTACTCGCCTCCCGACCTATAGGCGAAA
Jared Hawkins;126181-9369;AACAAAGTATGGGTTAGGGTTATTTGCCACTTCATGTGTACTTACCTATAGCGACACCATCCGTGTTTTGGATACCTACGGCCTGAATTTAAGGTAGGCTCACGTCACTAGGCGTCAGCCGGCGCGTCACTACGGGGAGCATAAAGAATAATCTTGTTTTAAGACGCCCATGTATATCTCCCGTACCTCTCAACGAGACACAACAGCAGCGTCATCTGAACAGTATAGCTTCATCCTCCGTCCCTTACGACTAGCAACTCTTGTGCCCTGTCCCGCGCCATCAAACCACTTTCATCCAAAATCGGGATGGAGTGCGGAGACCAATTGCTGAAAGTATAAGCTGGCTAGCGCGCAGTTGTCGAGGTGCGACGCTTCTTCGGGGCTTATTCGCGACCCTTTG
Iona Pittman;352611-0436;CGGATTGTCGTGAGATCGTTCTGTGCCTTTCCGCTACGCAATAGACGTGATCCCGTGGGCCATGCCCTTTTGTTATAGGCGTGGGTTCAACTGGAGCTGCGCATCGGTACATTACGGCGAGCAACCATTCATTCCTCTTGCTAAATGAGATGCTTTTTTAGGCGCGCGTGACTGTTTAACAACCGAAACGCTAACCTCTGGCGAGACATTGTAAAGGGAATGTGACCCGCCCGACACGGCTTTGTTAGCGCCCTGAATGCATCCCTGCCTTTGCGTACTACATAGACCAAGCGCAAAAGGAAAGGTGTCTCCTGATAAAGCACATAAATGTGTGACAGACTAACAGGAATAAGAGATCCCCTCGCTCCAATTGCGCAGCCAAGTTCCATCCACTCTCATG
Jayme Moore;408692-4687;AATATCTGTTAGTCCAGACCTATCGACTGAACTCCTTGCACGGCTGCACGCTTTAGGTACACATCCGTACTGGCACGGCATTGCAAGGGCAGCACCAGCATAATTGTAACGCCCAGATTTACCGCAGCTCGTGAGGTCATCCGGGCGATATCCTATAGACGATGTTAGACTTAGACCGAAGGGACTATTTAAATATAAAACAAAACTACGATGGCTCTTCGGCGCCAATCGGATGACGAGCCCCAAAAAAGCTTTAGGAGTGTGGCGGCCTTTACCTTCGTTTTGAGTTTCACTATTATCGTGGACATCTGATTCGGTAGGAACCGCGCGGGCACCCGTGGTTAGTTCCGTGAAGCCAGCTCGACCCAGTGGTATCTCAGTGAGGTGCCCTCCCTGCCAG
Rajah Stanton;846522-2480;GGTACCCAAACTCCAAGTGCGCAGAGACCCCTCCGCGATTGCGCGTACGAAAATGTCAGCATCGTTACCCTACGAACTTAGTCTACAGCAACCGTCAAGTCTCAGTCTACTCGGCGACCACTTAAAAACGTCTCGGCCTCGGAGACATTGCGCTCCAAGACCTCTGGTGCTTGGGAAGCCTGCCTAGCTGTCTCAAGCCCCTAGACCTGAATAAGTGATGGATCGCTCTTGATGGCATCGCCGTGTTGAGGTGCCGTTCCGCGAGATCTCTTGGTATAGGGTGTTCTCTTGCCGTTGATAGGCCTGGAGGTGCACCTCACGAGTCTCGACCGAGGTCTCTCATTACGTGATTGCAAAGTAACATACTAACGCTAGTACAGATCAATACATACGTCAATGT
Thor Thomas;929422-1727;TCTCGAGTTAGCTTTGTGCTGGCGGACGGGGGTTCGTGTAAGGTAAAGTCAAAGGCCTTCACAGATATAGCTCCGACATGTGGATTGTTGCCTGTCTATGGTTGATTTAACGACGACCCAACGTGTGGCATCTCGGGGGTTCCGCATCTACGGCCAAGTTGGACCATGGAATGAGGAATGGGTGCCAATACACATCGTCTGTTGCGATGATGTAATTCCCGGGGGCCAATGTGCCCAATCAACCCAGAACGTTTGACTTTTATCATCCCGCGTATATCATAGCCAATCCTCCCGCGGAACCCCTCTGTCAAGAGTTGGCGCCCATACATATCGGGTCGTTCGCGCCTCGTAGGCCGAAGCAGAAGGAGCAATCTGGGGAGTGTGCTGTAATGAAGCCAGT
Fallon Salazar;738943-5137;CGTTACTGTCCCCCCGAATGCTATTCGTCAAAGCTTCCGCGAAATGGAGATGCCCGCGATTATTATGAAGCCAACTGACTGCGCTAAGCCTGGAGAACCTGAGGCGTCCATCCCATAGCTAGACGCATGCCTGCAAAAGACCCTACTCAAAGTGCAATGCAAAACCTAATGCCGTGATAGAGCCTATGTTCATAGACGTATGTGCAGTAAGGTATCTCCGCGCGATATAGTTCCACCGATCAAACACGCTCATTACTCTCATCCTAAGTGGAGGGCCTGCCTATAAAACAGCCGTCCCAGTCCTATCATACTTCGCTCATGACCGGATTGATGTTTTAGGAAAATGTGTACAGAAACTGTCTGTTCTCCTTCTTGCCAGCTTCTCCCGCAGAAGGGCAAC
Nell Montgomery;247351-5373;CATCTACGGTTCTGTTCCACTAATGCGTCCTTCCATCAACACCCCACCGGAACTGTGTTACACCCAGATGGATATTCTAGCAGCGATTCTCGTACCTGTGCGGCCGGTATGGGAAGAGTACGTTTTTATCTGCTGAAATCATTGGAATTGTTCCTGACCAACGCACTGCAGAATCTATAAGTCACGCGCCGCGGACGGGGGGTTCAAGGGCTGGGGGGACTTACCGGAACCCCTCGAGGAACGTCCGCGTGGCTAAGGCGTTACAACCGAGCCGAGCGGGCAACGGCGACAATCTTTACGTGCTCGGATTCGGGCACAGCAGTATGGGGCTGACCTGGGGTACTTCGCGCAGGGTAGCGTGCATAAATTACGCGCATGAGTTTCATTATTGGATACGTTG
Wanda Valencia;046153-6708;TAGATCGGAACTCCAATACGGGTATCCGCGTGTTCTCGGATATTGGCCCATAGTAAACGACTGAGGTTCATCCTCAAGGTGTGAGCTAGCCACTCCCCAGTGCAGCGTGCGATCAAATCAACTGTTTCAGCGCACCCTGGCTTGAATCCGCGGTCACCTTTCCCAAAGGTGTGATGTAGGAGTTATTTATTTTACGTCAGCCGAAAACTACAGATACCTTCGTTACACTTGGGGCAACATGGAGCGACTCGGGAGTTTCAGCGTACCGGGGGTACGGGCCCGGTGTGTCAGTTAAACATTCATAGTACGAGGAGAACCTCCAGCGAGCTTTCAGTGTTATGGAATTTAAATTCTAGAGGTGGCTACGGTTCATGGGGCCCATGGATTGAGATGGATGGAA
Anastasia Russell;933526-5014;GGTTGGGTTGCAGTAAGATCATTCACGTGCTTCTCTAGGATCGAAATTTTTGCGCTAAGGTGGCCTCATAAACAGTCTTCAGTAGGTGGCTCCAGCGCTTGGATTGGATCTCCCGCTACTCCGGGTCGACGCACTTGAGGACTCGGAAATAGCGTTCTAGCTCACCTCCGCTTTCGAGACCATGCTTTCTCCCGTGTCGAGCCAGACTTGGAAGGCCGCAACCTTCGGGGCGACGAACTTTATCTATCACGGTCAATACGATGGACCCTTTAGGTATTTGCTTTCGAGGGGCTACGGCATTTTACTACCATTACAGGCGGTCGGGATACTCTACTGTAATGATCAATGCTGTCATCGTATAACCTCATTCCTTACACCGCTAGAAGATAAATGAGACACA
Charles Dudley;883016-2361;GCGGCAAGTCGGTCTATTTGTTAGACAAAAGGATCCAAGTCCCTCATGACCGGACATACCCACCACATAAAAAACCTAGCGCAAGTTACGCATTGGCTAGCTATCGCTTTCTTTCTAGGACGCTTTACCCATGTTGGATCCACATTCAGGAACCGACTGGATGATTTAACTGAGTGTTGTCACACCTCGCTTCACGTGCATCCTAAAATCCACCGGCCACTCAATCGGCCCACCCCTATCATTCCATCTTCATACCTACAGAAAATCTATTGATCACGGTTTCCTTGATCTAGGTGAAATATCGCGGAATACTCTTAACAGCCCACTCGGATCTATGTACATAGAGGCCCATCCCATATGACTGTGGAGCGATTGGTTCTAGTTCGTATTTGTAATGATT
Amaya Marquez;523702-4749;ATTTATCCGTGACCATCAATCCCTAGCAGTTACTTGCCCGTATGAGGGTCGACCGAAGACCGGCTTGCGTCCGGCCAGTATACAAAAAGAGGCGGTGGTATAGTTCTCTGCAGCTTTTATTGTCTTGGCGATAGATTTTTCCCGGCGCTTCGGAGTGTACCCAATGCTGCGACTTAACTACCGAGCGGCGCTCCTGTCCCCACCGTAAAGTAAGCCTGGTGACTTCTCAGCATACCGAGACAGGTGTCGAACCTGGACCATGCATCGTAGGACTGTCACTCGACAGAACTTGTAGGGTTTACAACGCTTTGATACAGTGCCCATACTAGGTTGGACGTAACAGCTTGTGATGGGGCGACTCCTATCCTGATGACGTGAGTCATATTTCCCGAATACGTCG
Shelly Hobbs;805596-2693;GATTGCACGTTTGTATTGAAATAGCTTTCGTCGATGTCCTGAGTCGTGTCGTCGGTATGGCGAGGCAATTGAGGGCTGCCTCGACCGAGGTGATTCGGTTACTCGACCAGGTTGCGCGGACTTATGAAGTGGTGCCCGACGATGAGTAACTTGTCAAACCGGATGGCGGAATGTAGGTTTGTCACTGTGTCCTCCGCCGTACCCTCAGCGATCTGGTTTCCACCATTCTAGTCGGTCACCTTCTATGGATCGTGAACTTCTAGGCAACGAGTTGAGACTACTCTAAAGGGCCGCTCAATCATTAGCGGGGACGACGCGTCGGGGTATGCCCGAACTTACATTCCGGGAGCCGGATACTGGCATACACCTCACATTCGTGTGGTGCTAAAATCGCGAGCCA
Alan Miles;234316-9625;CATAATTAAACCGAAACGATACTGTGCTTACCTGGACCCTACCAGGTGTTCATAACACATACTGACCGCTGTGACATTTCTAGGGTTCACCCCCAAATGGAAAAACGAACTCCAGAAAGGTGGCTTTTTTCGTTAGATTACTAAAATGTCCGCAGTAAATCCGCGCCTCAGGACGCGAGATATAGTCCGCGATATATGGGACCATTTGTTCTTCTCCTCTTTCCTCTGGGGTCGTGTTAAACCAACGTCTACGTACGGCGTCGTACTGCATTAGTGACTCGCATCTACCTAAGAGTATAAGCCAGGAGGGATGCCATAGAGGCCTCGGTGCTAGGTACGTGCGGCAATCTCCTTTAATTCAAAGCAGTGAGGACAATTGAACTGAGCGCTCCGCAGGTCT
Channing Bolton;966739-9811;TGCGGTCCAGTATCTCCATTCAACATCACAGCGTTAAGCGATACACCTGCTGTCTGGTAGCCCCTCGGTGGGAAGGTTCCTTTAAGCACCAATCGATGTCGGACGGGCCGCAGAATTTTAACGGATGATTAACTTCTACCTCAGAAAGACCCTGCCTTCGGTAACCCACGGACGGATCATTTCTTGAGAACAAACCTTTGAAAGCTGAGGGAACCGGGCATAGGCCAATTAAAAGCTATGCAGTTCGGCGGACACTAGACGTAAACGAGCTTTCAATGCGAGTGCGCTCGGTACACTATAACCAAGACCCACGTCGGTATAACTTATGCGAACTAGTTCTAGCACCAGCACACGTTACTAATGTTCTATACGGCCGTAAACACCCTCGACTAACGTATAC
Eliana Mcdowell;575011-9157;GAGACTCACAGATCCATGCTCGCCCGACGCTCTGGTCGGAGACATGAAAAGGAGAGGCCCCCTAATCGGCCAGTTTTGGGTGGAATCTGTAGTGTTGGGACCGTGTCGGAGCTCTGACTGCTTGCTTTAATCGCATAGAAACATGCTGAACCAATGCTTCGGCGGTAACAGAGCACACCTGGATCACGTGATGTACAGTTAGAGTAGAAGTCTCGGTACGACGGGCCGCTGGTGCAACCCCTTCCCCACTGTGCGCTTGTGGTCAGGCAGTTGGACACAGCAGCGCCAGCATAATGACATAACAGGTCCAGTCGGTAAATTCTGTTATCAAAGCCCAGGTATAGTCCTACCCGCGCCGATCCGAGTCATGAATATTCCTTTACCGTGAAGATATCCCCCT
Keely Hayes;297578-0251;CCGAGGGAAGAACGACATCTAGCTCAGGGTCAACAGCAATGCGGGGTAAGTGCCAATGCGAGCTGGAATGAATGATCACAACTGGGGTTAAAGCTGGAATACCAAAGTGCACGTCAAGACGCGCTGATGACGCTCCTTTCTCAGTCCTGGCTTTTGCACCTCGATATCTAACAACGTGAGGGGTCATGAAACTATGAGACGGGTCCAGTGTAGGTTTATGTATCTCTCACCGACGGTAGTTCCTGAGATTACGGTCGCGGCGAGATTCACGGCTCTTCATACATTATTATCTTCCGTGGTACGCTACGAGCTTGAACTGGCTGTAGGTAGCGAAAGGTACTAAGCATAACTACTGACGGGCCTTCAATGTAGACTGGAACCGGACTAAGACCTTGAGACA
Ira Cross;944947-4007;CTGCCCTACTATCGGCTATATTTGTTGCACGATTCGCCTTCTTGACTGCCAATATCTTTAAATCGGTCATATGGCCTCAGTAAAGGCTTGGCTATCACCAACGGAGACTATTAGGCTCTTGCACTGACTTTGCGGGTAGCTGCCAAGTGCTAGGGATCGCTGGAGTTCGCGTCGGGAGTGTCCTAAAGGGTGACATTGTTCTCGCTACAGGCCATCGCTAGCAAAATCTAAACGCGGGTACTTGTAGTGCGCACAATACCCCCAATAATGGAAACCATCTGCCGGAAGCTGGTTCTACTTGATCTCTATCCGGCGTTAAGAGGTCCCAAGTTGAGGCCGCTGTGGAGTGAGCCTCTTCCAAGTCACTCATTCGAAAGGAGAGGCCCGGTGGATAGTTCAA
Mia Stewart;673202-1859;ATACACTCATCCCTAATGAGGTAGTTATTACCAGGTCCAGTGTTGTACAATCAGAGTCTTAACTCGGAATCATAAAATCTGATCTTACTATGCGTTGGCTAGCGTGAGGCGCGGAAAAGACCTAACGTCAAACGGGCTGGTGAGGTGTAGCGATCCCGTGGCATGGGTTAACTCGCATCGGGTGCGATGTACACGTGACCCTGGTGGTTTTAACCCCCCTGAACGATGTCGTTCGTAACATGCATTCAAGCTAGAATAGAGAACTGAAAAGGAACCCAAAATAAGTCCATCATCGGATTTAGAGTGGTGCACGTATTCGGTGGTTACCTAGGCATGAAGATGCTGTCATAATATACTTCGCTAGCTTTAAGTACTTTTAACGGATTGCCCTGTCTTATGA
Benjamin Patrick;595826-7543;ATTGGCGGGTTGAAGATGTGTACACTCCCAATCCTATGTTCATAGAGGCTTGTTAACTTTCTCAAGTTTCCGGTCCGGGGATGGTCTCGTACTTTGCTCCCGGCTGCCCATGCAGTTATCACTATAGTGAAGCGGTCACCTGCCACTGATGAGCCGAATAGGTAGAAGAAGACTGCTCGCTAGTGCGCGCTTCCAGCCGGCTCGGAATCTCGCTTTTGTGCCACGTTGGGTGCCATTATAGTAGGAGTATACAGTCATAGAGACGATCGTTTTCGAGGCTTCAATTACACGATCAAGAATTCTTGAGCTTTGCTATAGACCACAAAACATAAACGTTGTGTATATGTATTAATACTCTGCGTAGCGTGCCGACCGGGCTACCATCTATCGGCAGAGCGGA
Chaim Holcomb;996881-1886;GCCCCACCTTCCCAAGTGTCAATCCGAAGCGGTGGCCGAAAGATCCGAACGCAAAAACCGTGAGAATCCTGTTGCAGGTCATCCTAGCCCAGGAAAGGCTTCGTCGATCATGAAACTAGGGCGAGCCGACTGAAAAGTGTCAGGACCCGAGACGCGTTGCTTCGCGGGTAATTTGTGTTTAAAGTATTCTGGGTGTCTCTACAGAACGAACCAAGTATCCAGACCCCCGCCGTAAGTAGGTCAAATACCCCAGCCGGATCGAATTGCGGACAAATTTGGAATATTGTAAGAGGGCGGTCTTTCACCTGGTCGGTGCGACTTTAAAGCGGTGCTCGCAATAGATGGGGTGTATTCTGCGAGCGGTACTACCTATCGTGAACGATTTCTACCCGCAAGTTGC
Pandora Houston;472628-2843;ACCCAACACTTGGAGCTGTACTCGGGGAGAGCGTCTCGATTGGCATAGAGCGTCCAATTTCACCCTGAGTCATCTGATCGCTCGAGGCGACCTATGAGCCTCAAATATTATACGGTACGTGAGGTCGTGGGCCGCAGGTTCGATAGTAGAAAGATGGCCCTTGATAAAGTGTTTAATAAGCGCATGATTGCGGAGCTTAATGTAGGTTTGTCCTATCGTCTGGGCAGATTCTACTCACGTGTACGGACCAGTAAGATAGCCCGTACAGCTACCACTTCGATAGATGTATGTGAGCAATGAAGGATCCCTTCCTACGGACGTGCGAATAAACCACAGGGGTGATGCGAAGTCTCCTCAGTTTCGCTTCTGCCTGACTCGGTCTATACAAGACTTTGTACAC
Megan Harrison;288751-6488;CTGTCGAACCGGAAATGCCAATAGTGATTTGGTAGCTCGGTTATCGGCTTACGCGCGAATTGTGGCTAGCAGTAATGATGCTACAGGCACAGGATGACTGGAGATAGGGCGTCCTCCCATGTCGCGCTTATGTGCGTAACAACAGGACAAAGCACTAGTCACACTAGTTTTAGATCACGTGCACCATCAGGAGTCGGTAAGAGGTTGTGGTTGGCACGAGTCTTAGCACCAAAGCTTTCGGTCACGGATTAAAGGCCCCCCGTTATGCTGGAACTCTTTGTATTGTAACCCCACTCATAGTTAACGAGTTCTCGCGATACAATGCTTCGGCACGATATGTGAGCTACCCGGCACCATAGACTTCATTCCCCCGATCGTAAGAGTGGGACGTGTACAGGGG
Randall Guerra;384572-3869;TGCTACGTGAAGGAAGCATTCTAGACGCGTCGATTGCAACTCACGAACACAGCGTAGTGGAGCCACCAAATCCGCGAGCCTGCCTGGCAAAAGTAGAACCCAGAGGCAGTCCCCGCTCTACGTACCAGGCGGGATGCAACAGCTTCCCCCGAATTTATGTAGCTTCTAAGGTGAACATGTCGCTGCCTCAACACAAAACTGTACCATCCAACTGTAAGTCTGCGAGCGTGTTAACTCGAAGGGTCCTAGAGCATTGCGAACCTATTAAGGAGCATCCTACAGATATTAGGAAACAGTTCCTTCGAATCTCTCAGCCCGAACTCGAACTACAATGCCCTGTACCTTCAACGAGTAAACACAAGGCGCTCCTTCTTTCAACACGGTCGTATCCGCAGGCCAC
Anthony Cortez;124001-2722;TGGGTTGTAATAGTGAGTACCATGATTGCGCTTATCTAGTATAGCGAGTGGCCGCGCTCGGCGGGGCGCATACGTCACGCTGCTACCGGCCAGCATCGTTTTCCTTACATTAAGCCTAATGACGCAGCATAGCGTCCGCTGGGGAGACTTCGATTGAGAGACTCGTTGTCCTCTTCAACTAGTTATTGCTGACGGTAGATCCATATCCTGAACATGGCTATGGGTAAGCTCCTAGTTGGGGATACAGACAGCGCTATGACAGCCGCCTATCGGTCATCGCTGGCCATAGTTTTTCGATACGACTCCAGGAATGCTGTCAATGCGTTAGGCCGAAGGTGGTCTATTAAGTTGCCAACAACCTGCGCCTAACGAATCGAGTACCTGGCAAGGTAGAGGTATG
Abraham Galloway;198972-1459;TTGTCGGCGAGTATACACGCGGCTAAAGTGACCGAGGTTGTACGAGCGTCGGCCGCGTTTGGCTTGCACACTGTACCAAAATGGTACATTGGTAGCTCACGGAATTCTGTTGAGCGGTACGAGACATCGCGAGCGTAGTAGACACCTCAAGTAGTTGTCAGTGCTTGTGGGGGATAAAGGCGTTCAGCTGATTATCTCACGCATGGTCTCACTACCGCGAATACCGGGGTACCAGGAGGGACCCGGGTATGGTTCCTCAGTTGATCGGTTAGACGATTGTGCGGTGTCCTACACCCATGAAGACGGGGTCGACTTTGACGTTTTAATGCCAGTAGGCTAAATAGACCATGCTGCACCCACTATTTCTCGACCACAGTTTGTACAGGTTGACAAGTCTGTG
Addison Hurley;789170-2701;CCTAAGGGGCTAAGCCCTGAGATACAAGCTCCTATGGTGCGTCCAGGGGGTAGCTGTAGGTGGAAGACGTGCACCATAAATCGTCCGTAGAGCACGATCCGCTTGATCACGCGCTTAATGCTTAGGGTTCCATTGGCAACGCCATCATACATGTTGCCGGTAAACAATTGGTCTATTCCTCGCCAGCACGTTTGCATTTGGATCCTAACGCATCTTTTGAGTGCATGTAAGATCGGGGCTGCGATTAGGTGTGAAGGGGGAAGGCTCTAACTCATAAATTACAAAACCTTGAGTGCTCATGAACATTAGCGCTTACGTGCGCAAGTCTTCATGCTTACGACGAAAACTGTGACGTGGAGTGCTCCCCGCGGATCTTTCTATGTCCTGAGACCTGGATTTT
Zachery Neal;502567-0109;TCTGGGATTATAGGCCTTCAAGTCTGAAAGGGATGCGAAATAAATTGATCAAGACTGTATTGGGCTACATGCTTTTAATATTTTGACCCTGTATGTGCCTCTGCCAAAGACTCAACACGCATTGTCTACATTCTGCTAGGGACCTGAATTGGGGTAGACGCTTGCCTTGGACGTGCAATATAGGTGCCCCCATATGGACGCTGCTAATGTGGTCTACATGAGTTCTAGGCTCAGTGTTCGCGTGTTAGAATTGCTGTCCAATACGGGAATTCATCAGGTTGTTCTTCCTTTATTTTGTGAGTTCTTTCGGGACTGGTCTCCGTGAGGACTCCACGGTATAGCCTCGTCTTATTAGAACGACCGTAGCCCGGCGTGCCTAACAGGTCGTGTCCCGTTTCTG
Sybill Brewer;493537-8408;ACCAGCATCTCTAAAAGGGCGGGCCGCGCCTCTCGAGCAGTCGTTACTGTAGAGGTCGTTGCAGTAAATTGGAGCTGAGGTATATCAAGCTGTCACTAGCGATCGGGGGTCCTGAATGTGAATATAGCTGGATTAATCTAGAACCCGCTTATAGTAGGCAACAGGAGCAAGTGTCTTGCGACTAACAAGCACTAAAGAAATGCAAAGCCGATAGGGTGGAGCCCCAATCCTTTATTGTGCTTGGGTACCTGACGCGCTGATGCCTGTTGAATCGCAAGCGAATCGGAATTCTGAGCACAAAGCCATAGCTCAGTCTTTCCCAGTGAGATCATGATGTATAGACGTTCGGCATCCCGTACGAGAGGTATACGTACCCGTCGCGAAGACTCCTAGGAGGGCT
Natalie Robertson;592182-0790;TTTCCCACTGTGATTTGTCTCTGATACTTGCCGGTAAAGCGCAGATGCCCTACGATTCCTGAGCAAACGGCTCCGTAAACACCCAGGAGGCCGGACTATCTTACTAGGGCGCACCTTGGGGCAAGTTGATCACGGGGCGGCAAGCTAAACTTTTATACTCCAAACATAAGTGGGGGTGCCGGGTGTGCTAGCACAGTTTGCGAACCTACCTCGCTCGTGTGCACCGAGAGGCGTCGAATCTCGGAAGACATGTTCTTTTGGACTGGCTACTAAACGTGAAGGGGATCAGGAAAATCGCCTACACTGGATCGTTGCGTCCTCACGAAGCACAATACGCGTTTCCGACATTCGTTTCTAATGAATCAAAACAGGAACTTCGACCGCTGCGGCCGCATCGAGT
Leah Barry;858607-5767;TGTCGAGAAAGGGTACACCTTGTGGCTATCGCACCCAAGATCGCCGAGTGTCAGTCTTCCGCACAGCTCGTTAACATACCCGTAGGTCGAGCCTCGTCGATAGTGATGGTAGTTACATATATACGGAAAGAAGTTCACCAAGGTCTCCCGACCATCGCCTCGGTTGTCCATCCGGACTGGTCTGATTCATAGAAGAGAATGCGAGCTTGCCCGATGGTTAGGGAAATGTGAGACGATTCTATCCGACGAGGCTCTGAATGTGGGGCGGCCGTAGCTGTTGCAGTAATGCCACCCTCGCACACCGTCGGGCAACTGCTTACTGGACGCGTTAAGGCGCCGCCCAGTTTGTTCGTCGGGCCGCCCTAGGTGGGGCGCTTGTATTTAGGGTTTAATCAAGGTA
Quentin Joyce;378441-3092;CGTCACTCCTGCACCTGCGACTTCCGACTGATCTCGGAAGCGCCTAATCGGTACACTTGGGTTATGACGTACACCTCTTTTTACCACTAGCTTGCGCGCCCCGACCCGCAAGTTATTCACAGTAGGACCGGCTCTATCACTAATATAATATGTAGGTTCTTTGGGGCACATAGGGCTTGATAGGCCAATCAGTAGTTCAATCAACTACCACAGATTAGCGGGCTAACTGCCAACACCATACACCTTATCACCCGGAAGTAGTACCGGTGACTCTGCCCTGCCCTGTGAGTCAAAGTTGTGATACCAAATTTACATAGCTTGGGCGCTAAATTCAGGTTACGTCGATTGCACCGGGAGTGCTCTAGAGGGTTAGTGGTACCTCCAGACTTCGCTTAAGTGG
Conan Gutierrez;933910-9341;AGCTTAGTCCTTCCGATAATTCCGGTAAGGCTAATTAAACCTATGCAGATTTTGTCTGCCTCAAACAGTGCTAAGCGAGTACGACTTAACGATAACCACCCCAGCCGTTCTAGCCTGTTCGTCACACCGTCAAAAGTAAGCCCTGTAAGGATGCCGGGTAGGCGACGGGATGGCGGAACAGTAGTCAAGAGGACTAGCCCCCCTCAATCTAGCTCGTGTAGACTCCTGCTAAGGATTGGGGTCGACTCAGAAGGGCCTCTGGGCGCGCGCGTTCTGAAATGGATGTATGTACCGCTTAGAGTCTTGTCGGTTGCGGAGCTGAAGAAAGTATAATCATACTAATCATAACGACCTTGCCGTTCATCGGTACTAGACCGCATGAAAGCCCCGTAACGTGCGG
Chelsea Brady;906151-3272;AAGCATTAATAAGTTGCTGGTAGCGGGCTAAAGCGAGCCTTGTCATCCTAACATCTCAGGTTACTAGTCGCCATAGTGTGCTTCATATCAGTTATCGCTCTTTTAGCGCCCAACACCTGCTCCTAGATCCTTGGAGCAGGAGCGAGTGTTCGCACCCATTCCAACTACGGGCATCCGTGCTGTGCCAGCACCTGATCTATTTGCCCTTCGGCTACGACAGCCCTTGATCAGCTCTCCAAGTAACGCGGCTGAGCATCCTAGGCCCGTAAATGCACCAGATCAAACTTACTTGGATAGGGACCATCCTCAATGAAGCCCAGCCATGTGGCAAAAGATTGCGGATCGGGACCCAGCATATCCAATGTTCACTATTGTTCTTCAACTTCGTACTCTTCTTGGT
Adena Howell;218980-5969;GTCACGCTAGGCCTGTCTGAATCGGGTACCTCAGCGTTTAGTTCCAAGGGACAGCCGGGAGCAGAGCTCTCATGGGAGGCCTGTTACATCGTCAACCGGAAGGCAAACAGTCCTGGTTTGCAAGGCTTGAGTAATTGGACCCACAGACTTCAGTTCCATTCTGGAGACTCGGTCTCCGCACTCCGTTGTAGAAAGGCAGGAAGTACGTACAAATCTACTTGGAACCCACACATTACATCAGGACAGCTGCAAGCGTATCGACCAATGCTACGATCCGAGCCATCGTAGCCCTTACTAACACTGATCTAGTCTTTCCGCGTGATCCATGAATGTGTCGGGTTCTGGATCTCAGACAGTAGTAACTTGGTACGTTGCCCTAAGGCGACCTGAACGGCTGATC
Hop Frye;103202-1378;CCTATTACGGTCTATGGGACCGGCCTAGCTTCCCCACTTAAGTACTACAATTAGGATATGGGTGAGACAAAGTCAATAGATGCACCCTGGTTCATGAAAACACGAGTCAGGGTGGTCCCCTACTTTGGGAGTGTCTGCAGCGAAATGAACCACGGTTACGTAGGTCAACGTTCGACTTTGTAAACACTGGATGCGCCGGTGAAGTTAGATCGTCATTTACAAATGGGGGGTAAACAGTGTGAAAGGGGTACTAGCTAGTTCCAGGATATTCTCTTTGTCCATAATCTGAGATACGGCGCGATCCAAGGGGATGTAGTTTGCCCTTCAGCAGATAGCGGGCCTATGTCTGAGGTCCCGGCTGTAGAAAGAGCTGGTTTGAGCGAAAGATACGAGTTTCAAC
Oliver Chang;007580-2553;GTGCCGATAAACAGAACCCCGACACAAAGTTTGGAATTTCGTTACGTGCGTGCTACCTACTGCTGTGTAAACGAGGGAATGCCCACCTCCATAGACTCAATGGGACGTCGCGGACTCCGGCAGTCCTGCAGAGCTGGCAGCCGGTTCCAAAGGTGGTGGACGTCCTCGTGCTGGCGTGAGCCGGGACGATCATTGGTTATTGTATTCTGTTGGCTGCCAGACTCTCAGATGGCCGGGAGCTGCTGATATAGCTTGGGTGCTGCTATTCACGTAGGTTGCTAAACCCGCCCCGCTCCCGAACTTAAACCTTTGGGGAGTTCGGTGAACAGAAGCCCATAAAGGGTTTCCGTGTAGGTTCCTGGCCAGGGCCATCCGTACTGTTGTGCTGAACTTATTTCGA
Judith Downs;529546-1031;AGTTTCAGACGAGTCACTCGAACTCGGTTCACGGAAGAACCGGAGCGGGACATAGTTAGCCTGGACTGAATCAGATCTTCTTTTGACCTCTGAACAGATGCAACGACCGGTGTTGGAGGTTGGGCGCTCGTCAAAAAACCGACCCCAAACCCTTGAAGCGGAGTGGGATGGTTTGCAATGCGTAGCGCCAGTCTGATGTACCAACCCTTCTGACGTTACAACTAGCCGGAAGTTATAGTTCCAAATTATGTTCGTATGGCCTGCACCGCTGAGGCGCGTCTAGGACGGGTCCGATCAGCCCGGAGTTGACATTACGAACAGAGTAGACCAAACGTTGCTACCAGATTGGACTCCGAGCGGGTGACCATTGTAGCTACTTATATAGAGAATAGTAGTCAAC
McKenzie Waters;362234-3238;AGAAGGTTGTTCGATATCATCGCGTAGGTTTCTTACCATAGAACGCCGACATACGTCGCTTGTGTTCAGGCACGATCACCGGCTAGAGTCGCTTAGCATTGCTACATATTCGAGGCCCCCCAAACCGTATCGTACTAGATTCTAACCCTCATGCAATCGAACTCATATGAAATACCTGTTCGGTAGTTTGGGAGGGTTCACAGCGAACGCCGGGTGGCACTCAAACTCCGGGACTTATCGACAACGCCAATAATTTGGTTCATCCCGTGCTTCCCATTGCGCTGGCCGTAGAAGAATTTTTTCTAAGAGCGGGTAGGGCTGACAAGGCTATCCACTTGCGGGACGAGACGGTGGACTAATAATGTCGCTCGAGAAGTCCTCTAAGGGTAGTTCGGGTATG
Fitzgerald Kent;907617-4896;CTGGTTGTGGGCCGTACACTAGTTATGCAAAGCTAGGGCAAGCCCATACGAGCGAGCCAGCGGACTATCGGCAGGATGAGCGGGGAATTCCGAGAGCCCTTTCACCTATGTACTTTGCTTTACTTCAGGAAGTGAAAGTTGATTTGAGCTCCTCTCAATCTGCGAGGTTTGTACCGCCAGGCGTGTTTGTCCGCTTCTTGAACGTCTTCTACATTATCCATACTCTCGTGTGCATGCAGGCATCTCTCGAACGTGACTAGTCAGCTAATATTAAACGTCAAATGGTGTTGCGTCTTAGAATAGCCGAGGGCCATATCAACGGGGCATGCCATCTGGACATACCCTAACCTGTAAGTCAATAGATGAATATTTATCATCCGCATACTGAGTAAACCTCCTC
Jerome Melton;182437-1221;AAAGCTGGCAGACTGAAGTCTCTCACGAATTAACTAATTCTCCAGCAACTGAGGCATCTCGATTAGCCGTGATACCCCTTCTATAGAGATGGGCAACCGAACGGGCCACCGCAATTACATCCTGTCATCTGATCTGCATCCTTAGCCGTTCATAGGTTCCTATTAAGAAACTGAGCAGCACCTTAGGGATTTCTCCCGTTACTTTTAGGGGTCAGACTGGAGCACCGGAGAATAGTAGTAGTCGTGACAGAATCTCCCTGGTGCCGTAAACCGTCCTGAGAACTACGCCAAAACGCAACAGGGAACTAGACACTCTAGAAAATACAGACTAATCTAGCGGGCTGCTAGGACCGCTACATCGGCGAGTAGCGGTTGGGTTCTCATTATTAAGTCACTCGTC
Cole Gibbs;095754-9868;AGATACTTACTTAAAATAGAGGCCTCGCTATCCTACTCAGATCCCGCTATTTGCGAGTCTTGCGACGCCGTAACTTAGACGAAAAACATCTACTGGTGGGTTAGCCGCACGACTAAACTGACACGAGGTTCGACTTGGCTCTCACCTAGGTCGGAATCACTGGGTTCAGTGGGCGGCCGGTAGTGGTTCTTGGTATAGTTCTCACTACAGCTCTTATCGCCATCAAGTTGCTGTATACATGAACCCCCTCATCGCCACCTCATCGTATCTCAAGTCTTCTCTCTTCTAGTCAGGCGGGGGCCCATATAGGCCCCTTCTGCAAAAGTCTGACTGGATGATTTGCTCGCTCACACATACCGATTTGCGTTTTTGTAAAATCACATTTATCGCGGGCGATTAG
Channing Knowles;662313-1502;GCCTATCTCCCCGGTTAGTTCGTGCTTCCACTAGACGCCCGCCTACCAGCGTAAACCCAAACGGGGTTTTCTAGTTGAATCTTACCACGATCTGCAGTAACTCCAATTTCACCAGGTCCGGGATGGCGGCTACCAGAGTATAGCATCGGGACCCGGTAAGTAACGTCTACGACCGTACATATGCTCGCCCATATCTCCAACGTACCATTTGAACTCACCAAGCCTCAGTAGGCTCGTTTGGTCGATACCGAGCAAGCTAGTCAAAACGTGAGTGCAGAGATATACTTAGTTTCACGGGTATGGGCGGCCAGGCCTCACCACATAAAACGCCGTACTAAAGGGTCCTGCTTTGTCAGTAGACCGGCATAACCACTTAGGTAAAGTGCCATCGTAATCTATA
Dustin Velez;685207-4696;CACGCAAAGGACATTGGGCAGGATAGCGTGAACAAAGTCGCTGTAACTTGGCGAACTGCTTCCTAAATAAAGTCTAGTATTGGACACGGTCATAAGCTACACTACCTTGGTACGATAACCTACAACACGCGGACCGACCGGGCCCAATTAGGGTTGTAGTTCTATAAGTGCAAACAAAAGTAACTCAGGCTCTCTGAGAGCGTCATATTAAAGTCTGATGCCCGCGCCGCTGAAGGACCTACGGGTGCAGAAACCCATTGCTGTTTGGTAGGGACTCGAGGTATGTGTCTACCATGCTTCCGTTTTGGAGATCTTTTATTGCAATTAGAATGTTATTGCCCAGTATTACTCCGTTATGGTCGCTAGGAGTAGTATAACTTGAAACCGTGGAAGAAACCTC
Shelly Mcfarland;229815-5637;TTTGGTGGAACAACGCTGCCCTCAGGCGAATTTAACTGCTTTCACTCGGGTGGCAGGGAAGGGTATCGTTCACTTTTCTAGCTACTTCGGTTGAGCTCATGGATTATGAACTCACAGGAGCTTAAGCCGTTCCGGGTGAATGAGTTTAGTAGTTCTATAGTTATGTCGTCGCTCGTTTCTCACCATCAGGCACTGCGAGAACGCAAGAGAGGGCTAGATCTCATTCGTGGGTTCACAACCCCAGGGGTCTTTATGGGACTCTATTAATAATACCCCTTGTGCGGCGTGGATCCCCTTACCAAGTTTGACGAGCCCTATTCCCGATACTGTTACTTCGTTCCGAGGAGAGGGGACTCTAGCGTATTATCCGACGGTGATTGACCAGTGGCGTTCATGAGTG
Hillary Kirk;038282-7186;AACACCCCACGCAAATCTCCATTCCGGCAAACATATTAGCGTGGGAGCAATGCACCCGCATTAAACGGATGTGCAGCATTCCCACACAGCGTTAGAAAAGCCCGGCAAGAGATATAGTCCACGTAGAAACTCTCTCATGCATCAAACTCGGTGAGTCACATAGTCATGCTGTAAGACTCTACAGTCCCACGTGCTTCTTTAATGGTTCACTGAAACCAGGTAGCTGCCTCGCTCCCGAAATTGATCTATTTTCGGTCGGTCAAGTTTAGATTGCACGTGCGTGGTGTTCTCTGTGTATCCCGTAACTCCCTACGTAATACGAACGCGAAATCGTAATGAGGACTCGAACATTGTCAAATGCAGGTTATCGACAATGAATAGCTAAACATAGCTTAGCAGG
Aphrodite Snider;748017-2589;TTTGTTGCATAAACATCATCCACGCCCGCGCAACTTCGAAACCTCCAGACAATAATGTGGACCTAGCGAACCCTCTTTTGTCCTGTATCACCTGAGCCTAATGAGCTGAAAACCTCATCAACGACTGAGGACGATAGGTCTGGCGACCAATGATTTGGTAGACCGAGCCTCTACAGCGAACTTAGTAGGTAAATTGCGCCCCCGGCAACGGGCGTCTTGCTGTGCAACATTGTGAATTACATTCGGCACGGATAGCGGTTATACAAAAGCGGTAATCTCTGGGGTGTCGTGCTCCCAGTCCGACAATATCGTTGTATCTCTGTCACGTGAAGTTTATATGTTCCCCGCTAGAATCCCACACGGACAGTATCATAATGAGCGTAAAACGCTGGGCTTGAGG
Omar Spence;123435-3413NOMBRE;CGGTAAGAAACCCGTTGCATACTGTGTCTCCATTATAGCGCGCCTACGCGCCTTAGCTTCCGTAACGAAACAATGCCATACTTACGCTACCACGACGGCCGATTCACGGTGTACCACCTGACGAGCCTTTGTTATGTGAAGAGGCCGCATCGCCTAGCCTTCATGACTGCCGCCCAATACTTCGGATCCGTGACCTTGAAGCTGGAAGATATATTATGTAGAACCTAACAGGGCCTGCTCTCACTTCTCAGTTAGATGTACGGCCGAGGTTATGAAAAGGTAGTCCCAACTCGTAGCGGGGGGACCACGCACGGAGCCACGTCTGGTGATGGGAGCTACCTGCATTATCTGAGGAAGGTGTACAGCGATAGAACTCTCGGTATGACAGGTTTCGGATTAC