Hall Burke;896481-6600;AACCACGCACTCCTTCGGACGCGGTCATGGGTAGAGTAGCGGACATCATAGCAGGTAGTTGCGCTTGGATCTTAGGCAAACCCGTCTATGAGTGATGCTTACAGTTTTCCAACCGTTAAAATAACACTACGTACTTAGACACGGAAGTAGGTTAACACTGATGAGACATGTGCTCGTGTTTGGGTTAAGGACGTAATTGTATGGTCCTTTCCGTGATATCGCAACGTCATGACGGTGTCAGATAATTTGCTACTGTATACACGGGTACCCTTCTCAAGGAGAGCCTAGTTCTAAGTTTGACTTCCTTGGAAGACGTGCTAACCGTTCTGCGTCCTTTGCACCGATTCTTTGTTGGAACGAATCCGATTTGTTATAAAACGCATCGTGCTATCAGTCGAAA;Dermatitis;Diabetes;Galactorrea;Insuficiencia Renal;Lupus;Microcefalia ;Neurofibromatosis;Varicocele;70%;
Addison Hurley;789170-2701;CCTAAGGGGCTAAGCCCTGAGATACAAGCTCCTATGGTGCGTCCAGGGGGTAGCTGTAGGTGGAAGACGTGCACCATAAATCGTCCGTAGAGCACGATCCGCTTGATCACGCGCTTAATGCTTAGGGTTCCATTGGCAACGCCATCATACATGTTGCCGGTAAACAATTGGTCTATTCCTCGCCAGCACGTTTGCATTTGGATCCTAACGCATCTTTTGAGTGCATGTAAGATCGGGGCTGCGATTAGGTGTGAAGGGGGAAGGCTCTAACTCATAAATTACAAAACCTTGAGTGCTCATGAACATTAGCGCTTACGTGCGCAAGTCTTCATGCTTACGACGAAAACTGTGACGTGGAGTGCTCCCCGCGGATCTTTCTATGTCCTGAGACCTGGATTTT;Dermatitis;Diabetes;Fiebre Amarilla;Melanoma;Meningitis;Microcefalia ;Varicocele;Virus usutu;70%;
Megan Harrison;288751-6488;CTGTCGAACCGGAAATGCCAATAGTGATTTGGTAGCTCGGTTATCGGCTTACGCGCGAATTGTGGCTAGCAGTAATGATGCTACAGGCACAGGATGACTGGAGATAGGGCGTCCTCCCATGTCGCGCTTATGTGCGTAACAACAGGACAAAGCACTAGTCACACTAGTTTTAGATCACGTGCACCATCAGGAGTCGGTAAGAGGTTGTGGTTGGCACGAGTCTTAGCACCAAAGCTTTCGGTCACGGATTAAAGGCCCCCCGTTATGCTGGAACTCTTTGTATTGTAACCCCACTCATAGTTAACGAGTTCTCGCGATACAATGCTTCGGCACGATATGTGAGCTACCCGGCACCATAGACTTCATTCCCCCGATCGTAAGAGTGGGACGTGTACAGGGG;Fiebre Amarilla;Galactorrea;Insuficiencia Renal;Lupus;Melanoma;Varicocele;Virus usutu;70%;
Sandra Mckee;027843-3396;ACATCTATAAAAGCAAACAATCCAAAGCTCGTAACGCTCTCGGTAGTTCGCCGTGCGGCGGATATGTGGCGCTTAGCAGAGTCGCGTTGAATCCTTTTATTAAGCTTTGAAAACCACGAAATATCAACACCAGCTCAGCTCCAGACCGGTCTGGCCCATGAGGGCGGCGTAAACACTCCAAGTGCCGAACTCAGTTCGTGACTGTAGTCTTAGAGTCGGGCACCTTCATTACTCAGCTGGAACCCTTGAAAAAAGTACGAGACTGCGCGCTTTATAAGTACTCAGCACGATAAGTTATTATTCCACGTGGTAACCGAGTCTCAGAGACGCTGGTAGCCAAACGGACAAATGAGGCCCTTATAAGAGCGGCGACTCAATACTTACCGTTTCAACGATTAGT;Fiebre Amarilla;Lupus;Melanoma;Microcefalia ;Neurofibromatosis;Varicocele;Virus usutu;70%;
Beck Potts;184261-2648;TTTTGTGCACTGTTGCCAAGGTTGAATGGGCGATAGTAGTATTAGTCAGAGTTTACTTCGTGCGCTTACCCCAACCTAGTCTCGACGCACGAGTCACCCATCAATGCTCATTGGTTCAACCGACTGTCGACACGTTGGCCGGGGGCGAAGTAACGTAGTCTTTTCTTGGACGTACGATGTATACCGCCCCGACCACCAATCTGCAGGGTGTGCTCTGGCCTCAGATCATCTTGGCGTACTAAATTTTCGTAATTACAGGTCGTTATCCGAGAAGTGAACATCGACGTTTACCACAGCTCTCCTCCGGCAACAATCACACCCCGTTGTAAGAGCTGCGTCTGCCCAAGCTCGCGCGCGGGGTGTTCCGTTCTCGATAGCAGCAGAAAGGCGTAGGTAAAAA;Cancer;Fiebre Amarilla;Melanoma;Neurofibromatosis;Pielonefritis;Virus usutu;70%;
Melanie Herman;512497-2257;AAAAGGACGTTTCGGGACTTTGCTTAATGTGAGTCTCTATCGATTACAGGAGATGTGAACATCATTTTTTGGGGGGCTGTAGCTAGACGGGCGCCGAGTCGAGATCTTGATCATGCTGATAGACAAAGCACGGCGTTCATTTTGGATGAATTACAACCCTGGACTTCATAAACGGTCAGCAGAGAAATTAGGATTCGCCGACCGACAAAGGAGTGCCCGTTCATTAGTCTTTTAGTTACGGGTAAAAGTCAGTAGCTGACGCGATGCATCGATTGTGATGCGGACAGCATCCGTTTGGGTTCTTGTATCGAATACTGAGTTACTTTCTACGAACAATCGGCAGGACCAACCACCTGGCCCCCTCCACTTTTGATTCCGTTTAACTCTGCGGAGCAGGGTA;Cancer;Diabetes;Fiebre Amarilla;Microcefalia ;Sindrome de Angelman;Virus usutu;70%;
Charles Dudley;883016-2361;GCGGCAAGTCGGTCTATTTGTTAGACAAAAGGATCCAAGTCCCTCATGACCGGACATACCCACCACATAAAAAACCTAGCGCAAGTTACGCATTGGCTAGCTATCGCTTTCTTTCTAGGACGCTTTACCCATGTTGGATCCACATTCAGGAACCGACTGGATGATTTAACTGAGTGTTGTCACACCTCGCTTCACGTGCATCCTAAAATCCACCGGCCACTCAATCGGCCCACCCCTATCATTCCATCTTCATACCTACAGAAAATCTATTGATCACGGTTTCCTTGATCTAGGTGAAATATCGCGGAATACTCTTAACAGCCCACTCGGATCTATGTACATAGAGGCCCATCCCATATGACTGTGGAGCGATTGGTTCTAGTTCGTATTTGTAATGATT;Dermatitis;Diabetes;Galactorrea;Lupus;Melanoma;Tracoma;70%;
Keely Hayes;297578-0251;CCGAGGGAAGAACGACATCTAGCTCAGGGTCAACAGCAATGCGGGGTAAGTGCCAATGCGAGCTGGAATGAATGATCACAACTGGGGTTAAAGCTGGAATACCAAAGTGCACGTCAAGACGCGCTGATGACGCTCCTTTCTCAGTCCTGGCTTTTGCACCTCGATATCTAACAACGTGAGGGGTCATGAAACTATGAGACGGGTCCAGTGTAGGTTTATGTATCTCTCACCGACGGTAGTTCCTGAGATTACGGTCGCGGCGAGATTCACGGCTCTTCATACATTATTATCTTCCGTGGTACGCTACGAGCTTGAACTGGCTGTAGGTAGCGAAAGGTACTAAGCATAACTACTGACGGGCCTTCAATGTAGACTGGAACCGGACTAAGACCTTGAGACA;Diabetes;Gastritis;Lupus;Melanoma;Microcefalia ;Neurofibromatosis;70%;
Mia Stewart;673202-1859;ATACACTCATCCCTAATGAGGTAGTTATTACCAGGTCCAGTGTTGTACAATCAGAGTCTTAACTCGGAATCATAAAATCTGATCTTACTATGCGTTGGCTAGCGTGAGGCGCGGAAAAGACCTAACGTCAAACGGGCTGGTGAGGTGTAGCGATCCCGTGGCATGGGTTAACTCGCATCGGGTGCGATGTACACGTGACCCTGGTGGTTTTAACCCCCCTGAACGATGTCGTTCGTAACATGCATTCAAGCTAGAATAGAGAACTGAAAAGGAACCCAAAATAAGTCCATCATCGGATTTAGAGTGGTGCACGTATTCGGTGGTTACCTAGGCATGAAGATGCTGTCATAATATACTTCGCTAGCTTTAAGTACTTTTAACGGATTGCCCTGTCTTATGA;Fiebre Amarilla;Insuficiencia Renal;Lupus;Melanoma;Neurofibromatosis;Virus usutu;70%;
Rae Glass;415287-0400;TCGCCACGCGGGTCCCCACTCGTGCGGCGCATTGCTAACATCTATCATTCACGCCGACTTCCAGAGGCTGGCGAGAGTTGGTAGGTGAACTACAATGATAGCCGGATTCGATTTCAAGGATGCGCAGAGTCAGTCGTAGCGCTCAAACTTCCTCTCACAGGATCCATGCTATCAAGGTCGCCAAAGTATCCGAAAGAAGGTCATGGAAAAGCGGCCACGTCACACCCAAGGTACGGTGTCACCCAGATTGGTGATCCCACCGTACACTCGTCAGGCCACTTGAGCTCGTCCTGGTGAGCATCGGGTTAGGCCAATCGCAAACTGACAGATACCGAAGCGCAGGGCCAATCTCTTAGTTCCGTAGCTGGGTGTATAACTGCGGCTTTGCATCGTTCGAATC;Diabetes;Melanoma;Meningitis;Sindrome de Angelman;Varicocele;Virus zika;70%;
May Mueller;956686-5649;TCGGCGTATAGCTAACTTGCAGGGACGGCTGGGCCCACGTTGCAACTCCTAGATGGCTGGCATCCTCTGAGGTTTGCACTCTAACGTGTCACCGTACTCGATAATCACGTCCTACACCCCCGCTTAGAAGGATAATCTCTAACGGACAAACAGGTGTCACATCATAAAATGTTCGGAAAGACAACTGTGCGATGTAGATGATTGGAACGTCGTTCCGAGCAAGGTTTTTACTAATACCCACCGTTACCCATCGCGAAGCTAGCGTTTGACATGATGTTGTCACTACCTAACCACATGCTGATGTTATCAGTCCAAGTCTGCTGGGCCAGCTCTCCAACAATAAGGCTTTAGATTTACTTCCCTCGCCCCAGTAAGGCTTCGCGGGGGAGCGACGTAGTCC;Insuficiencia Renal;Lupus;Melanoma;Neurofibromatosis;Varicocele;Virus usutu;70%;
Conan Gutierrez;933910-9341;AGCTTAGTCCTTCCGATAATTCCGGTAAGGCTAATTAAACCTATGCAGATTTTGTCTGCCTCAAACAGTGCTAAGCGAGTACGACTTAACGATAACCACCCCAGCCGTTCTAGCCTGTTCGTCACACCGTCAAAAGTAAGCCCTGTAAGGATGCCGGGTAGGCGACGGGATGGCGGAACAGTAGTCAAGAGGACTAGCCCCCCTCAATCTAGCTCGTGTAGACTCCTGCTAAGGATTGGGGTCGACTCAGAAGGGCCTCTGGGCGCGCGCGTTCTGAAATGGATGTATGTACCGCTTAGAGTCTTGTCGGTTGCGGAGCTGAAGAAAGTATAATCATACTAATCATAACGACCTTGCCGTTCATCGGTACTAGACCGCATGAAAGCCCCGTAACGTGCGG;Fiebre Amarilla;Lupus;Microcefalia ;Neurofibromatosis;Varicocele;Virus usutu;70%;
Adena Howell;218980-5969;GTCACGCTAGGCCTGTCTGAATCGGGTACCTCAGCGTTTAGTTCCAAGGGACAGCCGGGAGCAGAGCTCTCATGGGAGGCCTGTTACATCGTCAACCGGAAGGCAAACAGTCCTGGTTTGCAAGGCTTGAGTAATTGGACCCACAGACTTCAGTTCCATTCTGGAGACTCGGTCTCCGCACTCCGTTGTAGAAAGGCAGGAAGTACGTACAAATCTACTTGGAACCCACACATTACATCAGGACAGCTGCAAGCGTATCGACCAATGCTACGATCCGAGCCATCGTAGCCCTTACTAACACTGATCTAGTCTTTCCGCGTGATCCATGAATGTGTCGGGTTCTGGATCTCAGACAGTAGTAACTTGGTACGTTGCCCTAAGGCGACCTGAACGGCTGATC;Cancer;Diabetes;Fiebre Amarilla;Insuficiencia Renal;Lupus;Virus usutu;70%;
Hop Frye;103202-1378;CCTATTACGGTCTATGGGACCGGCCTAGCTTCCCCACTTAAGTACTACAATTAGGATATGGGTGAGACAAAGTCAATAGATGCACCCTGGTTCATGAAAACACGAGTCAGGGTGGTCCCCTACTTTGGGAGTGTCTGCAGCGAAATGAACCACGGTTACGTAGGTCAACGTTCGACTTTGTAAACACTGGATGCGCCGGTGAAGTTAGATCGTCATTTACAAATGGGGGGTAAACAGTGTGAAAGGGGTACTAGCTAGTTCCAGGATATTCTCTTTGTCCATAATCTGAGATACGGCGCGATCCAAGGGGATGTAGTTTGCCCTTCAGCAGATAGCGGGCCTATGTCTGAGGTCCCGGCTGTAGAAAGAGCTGGTTTGAGCGAAAGATACGAGTTTCAAC;Dermatitis;Diabetes;Galactorrea;Gastritis;Microcefalia ;Neurofibromatosis;70%;
Jelani Wade;284239-6448;CGCTTTACTCGGGGGATAAGAGTGGGTTATTTCCTGTGTAAGATTACACTTATAGATCTCTTAATTTTGATCCGAGTGCTGTTAAAATTACTTGGGTAGAAAGCAAAGGCGCTCTCAGGGACAGATTACCACCCAAAACCATTACGTCGACGATTTTGCTGAATAAATCTGTACATTCAAATATCGGGGATAAGCCTCTGAATAATGCCAAGCCTTACCTTAAACTTGGTCGGCCCCGATAACCGTCGTTTGTAAGAACGAAGGGAGGCGACGCGGGGTCTATGAAGTGTATTAGGCCCCTGAAGCTTAGTATTTTTGCTGCGGGGTCAGACTCGGGAGTTTAACTCGGAGGGCGGAGGTACTGGGCGTGATAGCAAGTTCAACTACAGTCCTCTATTTT;Dermatitis;Gastritis;Microcefalia ;Neurofibromatosis;Varicocele;70%;
Shaine Irwin;145281-9616;AAACCGCAGGTCCCCACATTGTCTGAACTAGTCTAGGCGGAATGATCACGTGTTTGGCAAGTACTTCATGAGTCCGCTTTCAGAAGAATCGAGCACCGAGCGCTCAGGTCAAAAAGGCACCGGACATAGCCCGCACACTGCCAACGACTTAGCGGATGGCCTAGTCGCGTGACCGGTGTGGGTGGCATACTCCCACTGCTGCGGTTCGGATCTACCCTCCCGCATTAACACACGAGAGTAACGTGTGTAGTGGTAAATCACCCCAGATAGGAAGTCCGGTCTGCTGGCAGTTCACTACCTTTCCTCCAATGTTTGATTCTCGGGGCTCTATCCAGAACGACCCATCACCTGTGTGTTACAGAGAGTTCTAGCAGAAACGACGGGGTGGCACGACTTTGGG;Diabetes;Melanoma;Neurofibromatosis;Varicocele;Virus usutu;70%;
Ila Waters;788088-3702;CTCGTTTGGCTGGGTAACTCTAGTTAGATCCTGATAAGGCTCGCCGAATTGACTCCATGCATCCCCGACAGTCACAGAAGTTGGGCACGCGCCCCTGTGACCACCGCCTTTCTATTTACTCCGCGGGCATAGCCCCAGAATCTAGATCACAGAGTGCGATGTGGACCGTGCGACGGATCTCTTAGAGCGAGACACTGTGTTCAACACGCATCCTACTCTGTACTCATTCACGGCTCCCCCAACCTGGCTCTTAAAGACCGACACGGTTGACAGGTTGACCATGAAAACCGCATCCCGTATTTCAAAGGCATGGAAAACACATAACGTAGCCAAGATTTGTGTTTTAGCCAGTTTTAACTGTCAAGTATACCTACAAAGGGGGAACCTGACTGGGGCTACT;Galactorrea;Lupus;Microcefalia ;Neurofibromatosis;Varicocele;70%;
Glenna Davenport;952029-3300;GTCATCATCGGAGGGGAGATGCGCAATTCAACCTACTTTTTAGCGTGACTTGGAGCAGCGCGACAGCAAAGATCGGGACCTCTGTCTGATAAAAAAACGCCCAAATTTGGACGGGTTGTCTCCCTAACGGTTTAGTCTTTCAATGATTGAACTTCCTCGATATACTCACTATACACACCCGGGCAACGTGCTTCACTGTCCATAGCTCTACAAGGATACCTTAAGGCAAGCCCGGCCGACGGTCAGATCAATAACACGACCAATACTATAGCCCGGGGATCTGGCTGTAGACTTTTGCTTAGATGCGCTGTCCGAGTATTCCGATTAACTGTCAACAGCTGACTCCAAGCCATGGCTCCATGCGAGGGCAACAAGTATTGCGCAGGTGTCAGTCTACAAC;Escoliosis;Fiebre Amarilla;Microcefalia ;Varicocele;Virus usutu;70%;
Elliott Henson;087593-7773;AAATAGTATACAGAATACCAACAAGTTTGCGGTCTGGTAGCTACGTGTGTAACAATAAGGGAGATCAGGTAGAGGCATATCCATACCTCATGCCTAAAGTCGTTTACACTTAAAGTCTTGGCCACCTCAACTGAGTGCCGGAAAAATGTAACGGGTGAAAGATAGGTTGGATGAGCAGTGTGCACTATCACTGCCCGTTGACTTTCATATAGTGGCACAATGAGCATATTCAGTTGGTCTCGCCATTGGTTCATTAGTCGGTTATAAACTCCGCCACTGTTAATTTCATAGAGTCTTTCGTCGACGTTCGGCCGTATGGATGACGTGTCCTCCGATCAATTGAACTTCAGTTGGTGTAAGCAAACAGAGAGCTCTAGCAATAAGCGAGCACTACGGAGGA;Cancer;Diabetes;Fiebre Amarilla;Insuficiencia Renal;Virus usutu;70%;
Kristen Vinson;787608-9272;GTTTGCTCGACGAGATATTGGCGGAACAAATGTGTCCAGCGAGTGACAGAATTGGCCGAAATAGGGCTTCCGTTTTAACACCGGGCCCCCCGTTGGCATGACCGCCTCATCTTTCCTACGTGCTGACACTCACTGGTTCTTATTCAAGCTGGGCCCATGTAGTTACGTTGCCTCTTTTTTTATGTAACTTAGCCTGGAGTCTTCTTCGGTGGCCCCTCGGAGTAGCAAGGCCGGTACCCCAGAACGCGTGTATCTCAGGCCGCGACAACACCCCGGCGTCAGGCAACATATGTGCGTCACGGAGCGGATGATTGTAATCTGTATGAGCGTTTTTCTTGCAGCTTGGCCGTGTCACAATGGGCCCTCCTCATCTGAGTTGTACGGGGAAAGGGCCTGAGGG;Fiebre Amarilla;Lupus;Microcefalia ;Varicocele;Virus usutu;70%;
Lawrence Lester;145404-7315;TGTCGCTTAGGGCTCCAAATAGATGGTTGCGCCAGCAGGTGCTCTAACTGCGCGATACAGGCAACCTGCTGTCCGAAAAGCCGAAGGGCCTACACTGAAATCCCAGGACTATGTTACGTACATGTTATGGTCACTAGCAACCCATCTACTAGCAGCTTTGGCTGCGACGCTTCTTAAACAAGGCAGCCAACTAAGTTCACTACAGTGGCGTGCAGCTGCCAATAGTATTTCATGCGATTTGTAGTTCCTTACGTTCATTTTTAGATCACCGTCAGCCGAACGTGCATACACGGAAGGATGCGACGTATGTCTACGAACAGTTCTATGTCCATGAAAAGTTATCGAAACGCCGCAGGCTAACCAGCCTGGTTACGATCCCCAATGGCCGCCTCTGTTCTCT;Dermatitis;Diabetes;Oncocercosis;Varicocele;Virus zika;70%;
Lee Dodson;904988-5420;TCTTATTGTGTACCTCAGGTTAGACCGAACTAGAAAGCTACCAATCAGTTGGCTATTATAGGACCGTAGTCTCTAGGTCCCCTGATGTCCCGTCGCGCGCTGCCTGCCACCGACTATCGAAAGAGTGAATCCCCTGTCATGCCTCGAAAAATATGGTCAGTAAAGCCGGCGACAAGCACATATATAGGTTATCTCGCTAGCTATACGGATTCTCGGTGGTCAGCAGAAATGGAATAAATCAGCGCTGTGCACCCTTTGCGAGCAAATAATCAAGAAAAAGTACCTTCACCTGAGATCTTCCCCGCCCGAGCGGTCCGTTTCTAGCCATATTCGTATCCGTACTTCATTAAGCAGCATACAGGCTAGCCAGCCGAGTACAACGTCTGCTACTCTATGGTAA;Dermatitis;Diabetes;Insuficiencia Renal;Neurofibromatosis;Virus usutu;70%;
Dara Compton;863336-1715;ACTCGTAGGCTCGCGCTTATTTTCTTAAAATCTTGTGCTTTATCTGTGCGCAATTCGACACCACTGAGACAGGGCCCAATGCGGGACGTACGCCCGGGAGCCATGCCTGCAACGTCACCGATGTGATTGTACATCGTGTGACCCCCTCCGACCACACGCGAGGGTTCTTGCTCGGGCGCACCCGCAGGTTCCCTTATGATACACGACTGTTAAAAGCGCTCAAGTAAGACCCGCGTTGCTATCACACCCTTAGCTCGCGATAGGCGTGCTCGTAATGTCAGCCATACAATGACGTCCTGATCGTGTTATTAGTATCAGCGATTCCAAACTCTATGCGCCGACCTGAAACTTTGACACCCGGCCCAATCCCCCTATATGGGGGATATCCCTCCAAGGTCCT;Dermatitis;Hantavirus;Insuficiencia Renal;Osteonecrosis;Varicocele;70%;
Rhea Norris;744133-5473;CACTATGTTTAATTCCTGTGCTAGTCTCACCCCCATGGTTATAAACTAACTACATATATCCTTTGCGAATAGAACAACTGTTGAAATTCAGAGACACAAACCATTAGTACCTAACTGCGCTGCGCCATTCCCAGATAGATAACTACTGCGCGTGACGGACTTTCAGGAACACGAGAAGTGTGACGAAGTGACGCCGCGACTCTAGCTTACCGTTGCCGTGACTGACCTTTTCGTAGTTCTCATTCATAAAACGTCACTACTTCGTCGTTGCGCAGTCCTATCCAATAGATTGCGTAGTTAGGGAGATAGGAGATCTGAGCCACGCAACAATAAATTCTTAACTGGACCTTAAAATACGCAACGTAATTCTTGACTTAGCCTTGGATATGCAACAGTTTAT;Lupus;Tracoma;Varicocele;Virus usutu;Virus zika;70%;
Hector Guerra;788335-4115;GAATACTACAGGGACATGCCGATTATTCCGGGGGGTTTCCCTTTCCAATTCGGAGGTGCTTAGAATCACGTATCACAGAGTAACCTAACGAACTGGGTGATTCGGTGCCGACGAACCTTTCGAGGTATTATGAGTACTAGTTGACGTAGAAGTACGCCTCAAAGGTATCAAAGACACAGGGATCGCGAAGTCCTCCGTTTATAGATTCTGCAAGGCGCCCATGCGCTCTGGTTTCTGGTAAGGTTGGTACTTAGTTGCCGCATGTTTCAAACGCCTCCATAAGAACAAGTGACGTCCCAGTTGCGTTTTGTCCTATTCACATCGCGATACAATGAGGCATAAGTGGCTTGTTCTGATAGGAATCGCCGGATTGGCCGATTTGGCTGGAGATTATTGATCT;Cancer;Galactorrea;Melanoma;Neurofibromatosis;Varicocele;70%;
Fitzgerald Kent;907617-4896;CTGGTTGTGGGCCGTACACTAGTTATGCAAAGCTAGGGCAAGCCCATACGAGCGAGCCAGCGGACTATCGGCAGGATGAGCGGGGAATTCCGAGAGCCCTTTCACCTATGTACTTTGCTTTACTTCAGGAAGTGAAAGTTGATTTGAGCTCCTCTCAATCTGCGAGGTTTGTACCGCCAGGCGTGTTTGTCCGCTTCTTGAACGTCTTCTACATTATCCATACTCTCGTGTGCATGCAGGCATCTCTCGAACGTGACTAGTCAGCTAATATTAAACGTCAAATGGTGTTGCGTCTTAGAATAGCCGAGGGCCATATCAACGGGGCATGCCATCTGGACATACCCTAACCTGTAAGTCAATAGATGAATATTTATCATCCGCATACTGAGTAAACCTCCTC;Galactorrea;Microcefalia ;Neurofibromatosis;Tracoma;Varicocele;70%;
Eliana Mcdowell;575011-9157;GAGACTCACAGATCCATGCTCGCCCGACGCTCTGGTCGGAGACATGAAAAGGAGAGGCCCCCTAATCGGCCAGTTTTGGGTGGAATCTGTAGTGTTGGGACCGTGTCGGAGCTCTGACTGCTTGCTTTAATCGCATAGAAACATGCTGAACCAATGCTTCGGCGGTAACAGAGCACACCTGGATCACGTGATGTACAGTTAGAGTAGAAGTCTCGGTACGACGGGCCGCTGGTGCAACCCCTTCCCCACTGTGCGCTTGTGGTCAGGCAGTTGGACACAGCAGCGCCAGCATAATGACATAACAGGTCCAGTCGGTAAATTCTGTTATCAAAGCCCAGGTATAGTCCTACCCGCGCCGATCCGAGTCATGAATATTCCTTTACCGTGAAGATATCCCCCT;Diabetes;Melanoma;Microcefalia ;Virus usutu;70%;
Ora Wise;452165-0111;TATCCGCCAAGGTGACTCTATGCAGGGGAAATTCAAAGTAACTGTTGGATATATTATGGCACGTGGCCGCCGGAAGGGCTGGCCGATAACGACACTCTGCCTAATCCTAATCTTAGATTGGCGATACTGAGAATCGTTGCAATTTTGACGGCTCTCTTGACTACAGTTTTAAGGATAGCATACCAGGGCTCCTCTGCAGGACGGCGTATGCTTTCACGGAGGACCTGAAGGTTTTGCACTTGTCTGGGTATATCGCGTTTCTAGTAAGACTCAGTCAGAACTCCCAACATAAGGCTGGCAACACCCTGGTAACGAATTGGTGCGCCGGCGGGATAGTCGACAGAGCGTTCTGGTCTAGGCCATTACGGCCTATCCGATGCACCTTCGAGCCGCGCCAAAG;Dermatitis;Gastritis;Melanoma;Varicocele;70%;
Trevor Cain;774245-8644;GCTGCGTGCTTCGACTCCGCTGTAGAGATGGTTGAAGAAGCGTCCCCTTTAGGTTCCGTCGTTCTGTGGAAGGTGAGTGGCTCGAATTGGTCAAACGGAAGATTGACCTGTTAGTGTACGGTGCGCTGCTTTCCTGCGGGAGGCCCTAGACATGGGGCACGTTCCATAAAAGCGGTCACTTGCATTTACTAGGTATGCGAAGTTCCGACGGAATGCAGCGTCAAGAGGATGCTGCACTTTAACCTAAGATCAGACCACTGTGTTCTTTGGCCATAGGCCTCAGAAAACGGCCCAGGTGGGTTTGCTGTGTTGAGTCAATAATGTAGCGAGCGTGTAGTACCGATTCGATCCAAAATGGATGCGAGCCCTGAATACACCCGTCCCAATTACCATGCGTGTA;Insuficiencia Renal;Melanoma;Meningitis;Microcefalia ;70%;
Pandora Houston;472628-2843;ACCCAACACTTGGAGCTGTACTCGGGGAGAGCGTCTCGATTGGCATAGAGCGTCCAATTTCACCCTGAGTCATCTGATCGCTCGAGGCGACCTATGAGCCTCAAATATTATACGGTACGTGAGGTCGTGGGCCGCAGGTTCGATAGTAGAAAGATGGCCCTTGATAAAGTGTTTAATAAGCGCATGATTGCGGAGCTTAATGTAGGTTTGTCCTATCGTCTGGGCAGATTCTACTCACGTGTACGGACCAGTAAGATAGCCCGTACAGCTACCACTTCGATAGATGTATGTGAGCAATGAAGGATCCCTTCCTACGGACGTGCGAATAAACCACAGGGGTGATGCGAAGTCTCCTCAGTTTCGCTTCTGCCTGACTCGGTCTATACAAGACTTTGTACAC;Melanoma;Microcefalia ;Neurofibromatosis;Virus usutu;70%;
Odysseus Cooke;438158-4426;GGAAATTACCTAGGGGTTCATCAATATCCAACTAATGTACTATCAAGCGGTGAAAAAAACGTGGGTTTGCACGGCACGTCCTAAACCTGTCCGGATGAATCGGCGTTCAGCCATCGACGCTCTCGGAACGGGAAGGAGGCCAGCGTAAGTTAGAATTCCCAGTGATGCGGAACTGCCGAGTGACTCCAAATCAGCCGCATACAACTCATCGCTGACTTACTCCAAAACTTTATCTGCGATGCGCTGTCACACGGGCCTTTTCTGTGCAAAAACACTAGGACCCTAACTGGGGTAGAAGGTTATGGTCAAGCGCTCCTCCCATGCACAGCAATAAACTAGTATTCCCGACCAGCTGGCCCGCCCTAGGGCGAGCGTGTAGAATGCTCGCATTTTGTAGTGG;Insuficiencia Renal;Lupus;Melanoma;Neurofibromatosis;70%;
Eve Peck;559944-1606;TGTTTGGGTTCTCCTGCTAATTATCCAAATGGGTTTGTAAGGGAACACAGCTGTACCCGTGGCTACGCGATAAGGCGAATTGATTAGGCGTATGATAGCGGATCTTATTTACAGCACGGAAGTTATACGGAGTGACCCTGGCTTATATATCCCATCTCCCTACGAGGAAGACTGCCAACTAGACGCTGCTTATAGCATTTTGGGATCGGAAACACGTTGCGCCCAGGTGCATCACCCAGAATGGTCGGGCGCACAGAATTGAGGTTCCACGCTGGACAAGGTGTCGGAAGGATGAGCATATCAGTCACGATGATAGCCTGGTTGCGCTTATTTACGAACACTGCGCAATCCCTGCGCTACTTTGCCAAACCGTGCAATTTTGGGCCGTGTCTCACAGTAT;Insuficiencia Renal;Lupus;Melanoma;Microcefalia ;70%;
Sybill Brewer;493537-8408;ACCAGCATCTCTAAAAGGGCGGGCCGCGCCTCTCGAGCAGTCGTTACTGTAGAGGTCGTTGCAGTAAATTGGAGCTGAGGTATATCAAGCTGTCACTAGCGATCGGGGGTCCTGAATGTGAATATAGCTGGATTAATCTAGAACCCGCTTATAGTAGGCAACAGGAGCAAGTGTCTTGCGACTAACAAGCACTAAAGAAATGCAAAGCCGATAGGGTGGAGCCCCAATCCTTTATTGTGCTTGGGTACCTGACGCGCTGATGCCTGTTGAATCGCAAGCGAATCGGAATTCTGAGCACAAAGCCATAGCTCAGTCTTTCCCAGTGAGATCATGATGTATAGACGTTCGGCATCCCGTACGAGAGGTATACGTACCCGTCGCGAAGACTCCTAGGAGGGCT;Diabetes;Fiebre Amarilla;Microcefalia ;Virus usutu;70%;
Bree Middleton;584801-4865;TAACTAACTTTCATCACTAATCACTCCACTTGGGGGCCGATAGTCTACTTTATTAGAAATGGTGGGGTGTTGGCGGTCTGAGCATATAGAGCTCCTTCCCGGGCTCCATGCGTTGGTTTCTTGAAAAAAGCGCATCGTCCAGACCACTAAATAGTAATCGTCCTCGTCCTCCTGACTGGAGAGGCTACATGCAGCTTTGGCACGAATAGTTTGTACATTAAACCATTATTCAATGCATTTGACTAAGGCCAAGAGTGTGCAACTAGAACACCCCGAGATAAATCGAACGATATGTCCATCCCCTGTAATCAGAGTGTGAATTGAGGTTGCATAACTGCTGGTCATAACGTTCGGGACAGTGACTGCCTTCAAATGGACCCTATTAAAGCACTCCTCTAGT;Insuficiencia Renal;Meningitis;Microcefalia ;Virus usutu;70%;
Cameran Larson;166062-8262;GGACACGATTCGCGACGGGTCTACTTTAATAACTTATCTTGTGCCTCGCACGTTTCGTTACAGCTGCGACGCAGTTCGGATAGCTCCGTCGACCTCGGCTCCTGGTCGACAGCACCATGTGTCTACGACTTGGCAAAACTATTCAGCCGCCTGACACTGGGGCCCAACTATTGATAGTAGGATGACTTACTAAGTTCTCTATATGACCATTGGAGTCCCCATAGCTATGAGCCGACGATAGTTGGACTCACATCGGCTCGGACTTTACGGAAATTATAAATTTTGCACCTTGCTACATTGTGCATGTGAATATTTCTTCCAAACACGCAAGTCCTAGACGGCCAGTCATGTTTTCCGCGTTCTATGCCTACCATGCACCGCCCTGATCGGCATGACACGA;Dermatitis;Diabetes;Melanoma;Teniasis;70%;
Anastasia Russell;933526-5014;GGTTGGGTTGCAGTAAGATCATTCACGTGCTTCTCTAGGATCGAAATTTTTGCGCTAAGGTGGCCTCATAAACAGTCTTCAGTAGGTGGCTCCAGCGCTTGGATTGGATCTCCCGCTACTCCGGGTCGACGCACTTGAGGACTCGGAAATAGCGTTCTAGCTCACCTCCGCTTTCGAGACCATGCTTTCTCCCGTGTCGAGCCAGACTTGGAAGGCCGCAACCTTCGGGGCGACGAACTTTATCTATCACGGTCAATACGATGGACCCTTTAGGTATTTGCTTTCGAGGGGCTACGGCATTTTACTACCATTACAGGCGGTCGGGATACTCTACTGTAATGATCAATGCTGTCATCGTATAACCTCATTCCTTACACCGCTAGAAGATAAATGAGACACA;Fiebre Amarilla;Melanoma;Microcefalia ;Virus usutu;70%;
Ramona Conner;963672-5948;AACGCGTATTAGAAATGAACGAACCCGCGAATAAATATACTGTGATCAAGACGTCACGTCGACATACCGCATTTTAGTCTCGTAGCGTTGGCTGTCGCAACTTGGCAGCGAAATGCGCGCGACAGATTCCCGCGCTATCTGGGACCGTCTTCGGGTAGCAGGAGAGTATAACCTCTTACATCTTTCGTAGATGCGTGGTGACATTTACTCCACGGCATGAGCAAGCCTACCGAGTACTGCACTCGCGTGAATCGTCAACAGTCCTTGGACATGAAAGTGCCACCCCAAACTCGCGTAACGAGAAAAGGGTGATATTGCCGCCACGAATTGACGATTGTAGGTGAGCAAATCGCCGACCGGCCACCTGGGATTGACCGTTGCCGCGGTCATAATCCAACGT;Escoliosis;Melanoma;Neurofibromatosis;Virus usutu;70%;
Jerome Melton;182437-1221;AAAGCTGGCAGACTGAAGTCTCTCACGAATTAACTAATTCTCCAGCAACTGAGGCATCTCGATTAGCCGTGATACCCCTTCTATAGAGATGGGCAACCGAACGGGCCACCGCAATTACATCCTGTCATCTGATCTGCATCCTTAGCCGTTCATAGGTTCCTATTAAGAAACTGAGCAGCACCTTAGGGATTTCTCCCGTTACTTTTAGGGGTCAGACTGGAGCACCGGAGAATAGTAGTAGTCGTGACAGAATCTCCCTGGTGCCGTAAACCGTCCTGAGAACTACGCCAAAACGCAACAGGGAACTAGACACTCTAGAAAATACAGACTAATCTAGCGGGCTGCTAGGACCGCTACATCGGCGAGTAGCGGTTGGGTTCTCATTATTAAGTCACTCGTC;Ictus Insomnio;Lupus;Varicocele;Virus usutu;70%;
Cole Gibbs;095754-9868;AGATACTTACTTAAAATAGAGGCCTCGCTATCCTACTCAGATCCCGCTATTTGCGAGTCTTGCGACGCCGTAACTTAGACGAAAAACATCTACTGGTGGGTTAGCCGCACGACTAAACTGACACGAGGTTCGACTTGGCTCTCACCTAGGTCGGAATCACTGGGTTCAGTGGGCGGCCGGTAGTGGTTCTTGGTATAGTTCTCACTACAGCTCTTATCGCCATCAAGTTGCTGTATACATGAACCCCCTCATCGCCACCTCATCGTATCTCAAGTCTTCTCTCTTCTAGTCAGGCGGGGGCCCATATAGGCCCCTTCTGCAAAAGTCTGACTGGATGATTTGCTCGCTCACACATACCGATTTGCGTTTTTGTAAAATCACATTTATCGCGGGCGATTAG;Fiebre Amarilla;Microcefalia ;Varicocele;Virus usutu;70%;
Hillary Kirk;038282-7186;AACACCCCACGCAAATCTCCATTCCGGCAAACATATTAGCGTGGGAGCAATGCACCCGCATTAAACGGATGTGCAGCATTCCCACACAGCGTTAGAAAAGCCCGGCAAGAGATATAGTCCACGTAGAAACTCTCTCATGCATCAAACTCGGTGAGTCACATAGTCATGCTGTAAGACTCTACAGTCCCACGTGCTTCTTTAATGGTTCACTGAAACCAGGTAGCTGCCTCGCTCCCGAAATTGATCTATTTTCGGTCGGTCAAGTTTAGATTGCACGTGCGTGGTGTTCTCTGTGTATCCCGTAACTCCCTACGTAATACGAACGCGAAATCGTAATGAGGACTCGAACATTGTCAAATGCAGGTTATCGACAATGAATAGCTAAACATAGCTTAGCAGG;Diabetes;Melanoma;Microcefalia ;Varicocele;70%;
Aphrodite Snider;748017-2589;TTTGTTGCATAAACATCATCCACGCCCGCGCAACTTCGAAACCTCCAGACAATAATGTGGACCTAGCGAACCCTCTTTTGTCCTGTATCACCTGAGCCTAATGAGCTGAAAACCTCATCAACGACTGAGGACGATAGGTCTGGCGACCAATGATTTGGTAGACCGAGCCTCTACAGCGAACTTAGTAGGTAAATTGCGCCCCCGGCAACGGGCGTCTTGCTGTGCAACATTGTGAATTACATTCGGCACGGATAGCGGTTATACAAAAGCGGTAATCTCTGGGGTGTCGTGCTCCCAGTCCGACAATATCGTTGTATCTCTGTCACGTGAAGTTTATATGTTCCCCGCTAGAATCCCACACGGACAGTATCATAATGAGCGTAAAACGCTGGGCTTGAGG;Melanoma;Meningitis;Microcefalia ;Varicocele;70%;
Omar Spence;123435-3413NOMBRE;CGGTAAGAAACCCGTTGCATACTGTGTCTCCATTATAGCGCGCCTACGCGCCTTAGCTTCCGTAACGAAACAATGCCATACTTACGCTACCACGACGGCCGATTCACGGTGTACCACCTGACGAGCCTTTGTTATGTGAAGAGGCCGCATCGCCTAGCCTTCATGACTGCCGCCCAATACTTCGGATCCGTGACCTTGAAGCTGGAAGATATATTATGTAGAACCTAACAGGGCCTGCTCTCACTTCTCAGTTAGATGTACGGCCGAGGTTATGAAAAGGTAGTCCCAACTCGTAGCGGGGGGACCACGCACGGAGCCACGTCTGGTGATGGGAGCTACCTGCATTATCTGAGGAAGGTGTACAGCGATAGAACTCTCGGTATGACAGGTTTCGGATTAC;Diabetes;Melanoma;Meningitis;Varicocele;70%;
Channing Bolton;966739-9811;TGCGGTCCAGTATCTCCATTCAACATCACAGCGTTAAGCGATACACCTGCTGTCTGGTAGCCCCTCGGTGGGAAGGTTCCTTTAAGCACCAATCGATGTCGGACGGGCCGCAGAATTTTAACGGATGATTAACTTCTACCTCAGAAAGACCCTGCCTTCGGTAACCCACGGACGGATCATTTCTTGAGAACAAACCTTTGAAAGCTGAGGGAACCGGGCATAGGCCAATTAAAAGCTATGCAGTTCGGCGGACACTAGACGTAAACGAGCTTTCAATGCGAGTGCGCTCGGTACACTATAACCAAGACCCACGTCGGTATAACTTATGCGAACTAGTTCTAGCACCAGCACACGTTACTAATGTTCTATACGGCCGTAAACACCCTCGACTAACGTATAC;Galactorrea;Lupus;Melanoma;70%;
Lavinia William;994947-5223;AGTATGGCATTGTGTTGGTAAGAAAGACAGCGCTAACCGGAAGACAGTACGCAAGTAAAAACCCAACGACAGCGAATATAAACTTGTACGCTACACCGTCTCAGACTTACCCGGAACCTGAGGGAACGCAATGACGTCCCGATTAGTATGAGTGTCGGTGGTGGTGGTCGAAGCCGTATACGATCTTCAATTCGACGCTATAAGCACGTAACCCCCTAACCCGCTGCGGTGCTTCAGTCGGTTCGAAAATTGGATTAGTACGTGTCGTAAGGGCGGACAATTATATGGATTGGTATCGTTAAGTTCATTTAACGTACCATACAAGAAGTAATTGGACAGGAATCGCGTTAATCGGGACTTAGCTCTCGTTGTCGTCGGCGCTGTGCCGAACTCATTAGAA;Lupus;Melanoma;Varicocele;70%;
Vera Franks;974007-9265;AGCGTTATACAACCCCGTTACAATATTGTGTTCGGTACATACGACTACCCCGATCGACAACGGGAGACAGTATAGCTCTCGTGGCAAACAACCTTGTTCATTCTGTGCCGAGCATCGCACATGCTCACGTCCATCCGAACGAGCTTTAACGGAGAAAACCTGCGGCAACGCGACCATATAGCCCCCTGCTAGGGCGTGCACACATCATCCTGCACCGAGCGATCTACATAAAGACAACCCGAGCTATCCCCAAGCTTAGTCATAAGAAGAACGAGCTACCGAATACTCTTTCCGTGTCATCTGCTACCGCTGCGATGTACCTAGCGTACTAAGGTATCTGTGAAATAGCACTTAGTTTAAGCTAGCGAATCGCAATTTGTGCTGGCGCCCTAGGGACTAA;Melanoma;Neurofibromatosis;Varicocele;70%;
Hayes Moses;547437-1027;AGATAGTCACGGGGCCGCTCGACAACGTAGGCTACGCATTTGACAACATCTTGAAGTGGCGGTGATGTCCGCGGAAAGTCGTCCAGTGCGGATTAGGTGCAAAGTCGCAGGAATCTCCACATGATTGTGGGGCTGCGGTTCTCATCCGTACGGCAAACCCAAAAATGACATCAGGGAAGTCTATTACGGCCTTACTCGGTGTCTACTGGTGGGACCAAACTGATTAGAATGACGCTACAGTTGCTGCAGGGATCCAGCTACTGCGGCGAGCCTTTGCTGACATTAGGAGCTTCGGCACCAGATAAATTGGGGAGCCCTAATAGTATCTGCGTTTGTAACTTCTCTTGATACATTCACATCCTCCTTGTTGACATCGACTCTAGGCTATCCACGAGCATTT;Gastritis;Insuficiencia Renal;Virus usutu;70%;
Xyla Hammond;134035-7241;AATTGGCTTTGCCGCCGAAGTCAACGGAGAGTGTTGGGTTACATTGGAGTCACTGGATGACAGATGTTGACGTATCTTTGCAACAACGCCCCACTGTCTAGCGCGGGACTACGACTGTCGCCAGCCTCCCGTACTCATCTGAGCCACACATTTGGAGCTACCCTACGTATGTTACCTCTTTAGGCTCGAGAGTAATGGTCACGAGGGTTTACCACAAACAGAGCTTGGTGCTCCTTGGCTTCTCCCTTATCCGTCCTGCTGGGTCAACAGTTACTTAGAATCGCACCGACCGATCCCGCTATACATCAGAACGCGGGAGAGCCGCGGTAGTACTAATTCCTGAGACGAAGTCGCAATTACAAACGCAAGATCTAAAGATCTAAATCATAGACGAGTAACA;Insuficiencia Renal;Neurofibromatosis;Varicocele;70%;
Vivien Fleming;513114-9584;CAACGTACCTCGCCTCAGCGTTAGTTTTTGTTGAATAGGAGTGTCTGCTACCGCAAAGGCGAAAACGTTCTTAGGGTCAACAAGGCCTCAGCAAAACACGGCCCAGTCAAATGAGGTGTCCTAGGCTCTCGCAATCCCACGCCATTTAAGGGACAGTCAAGAGAAAATGCGAAGTGTTTGAGGATCTGAGCTTCTAAGGGTCTGTCAGCTCGACCTGCCTCTCCACCATCTCTAGTTCTGAGATCTTTATTAGCCCATAACCCTAATGCTGGAATGTATCCTGTACGTTTTCAGACGCGATAAATACGAGCCCTCTCGAGTGGTCTGTTGAGAGGACCTTCTGTCTACGAAACAATTAGACTGAGGCGCCAGAGTATAGCCGTAAGATGATGCGGTCGGT;Galactorrea;Microcefalia ;Varicocele;70%;
Vanna Riggs;405026-8046;CGTACTGTGAAGGGATGAATTGAACCACAAAAAAGGTGAGGCTGTCCCGTGCTATGCATAGGAAATAGGCCCTGATGCCGATCGGTTCCGGCGCCGCATCGTTAAGTCTGTTAAGGGTTTCAGAGGATTTCGGGGCCTACATTCGCCTATCAACATGGAAGCGATTACCGTGTTTGCCGCTAAGATGCGCTATTATCTCGAGGAAACCGACACGTTGTAAAGTGGCTTGACTTGGATTCGTAGTCTATAAGCTAAGTAGAGCGGGATCTAGCGTTGCCTAGTCGCACGGTGAACTACGTCCGTGGCAAAATAGCGACAGCCCTGCCAAAGGTTCCCGAAGGGTGCGTTTTTACAAAACAAACCGCTGTGCGACTCAACGTGCCAGTCGTAGCACCCCTGG;Melanoma;Neurofibromatosis;Virus usutu;70%;
Zachery Neal;502567-0109;TCTGGGATTATAGGCCTTCAAGTCTGAAAGGGATGCGAAATAAATTGATCAAGACTGTATTGGGCTACATGCTTTTAATATTTTGACCCTGTATGTGCCTCTGCCAAAGACTCAACACGCATTGTCTACATTCTGCTAGGGACCTGAATTGGGGTAGACGCTTGCCTTGGACGTGCAATATAGGTGCCCCCATATGGACGCTGCTAATGTGGTCTACATGAGTTCTAGGCTCAGTGTTCGCGTGTTAGAATTGCTGTCCAATACGGGAATTCATCAGGTTGTTCTTCCTTTATTTTGTGAGTTCTTTCGGGACTGGTCTCCGTGAGGACTCCACGGTATAGCCTCGTCTTATTAGAACGACCGTAGCCCGGCGTGCCTAACAGGTCGTGTCCCGTTTCTG;Insuficiencia Renal;Microcefalia ;Virus usutu;70%;
Maggie May;244756-5603;CGCACATAATGTGAGGGTTGGCACTGAAACCGCTTCTGCCCCTGTCAAAAGGTCCTGTGACACGTTCGGCCAAATATCATATTACCCTATCCAATGCGACCCCGAACCTGAGATGCTGCTGTACGAGATCTGACCCGTTGTGTACAGGACATAAGAGCTAAGGGCGAAGTACGGTACATCGCCAAAAGGTCGGTGTTACGTCGTGCCTGTGCCATGGCCATTCAGTTAATGAAGGTTAGGACATCGCTTGAAAAGTCAATAGGTTCTTTAGGTCGAGGCTCTTACGTAAGGGACAACGACAGTGTTAGAACAAGCGATGCTGTGCTGCTGTACGCCTGATATCCCCTCCATGAACCTCTGCCTACACCGCTGAATTCTAAACAGCGTCTTACCGTTACTC;Hantavirus;Melanoma;Microcefalia ;70%;
Jacqueline Whitaker;753206-1368;TGCATTTCGATTGCGTAATCTATAGTGACCAGTGTTTCAGACGTGGAGAAGCCAAAGAAGATTGTGTTCAACATCGTGTAGAGCACCTTGTGTGATGCGGCATGCCTGGTTAAAGTATCTCTTGGCGGCCACCTTACAGACGGGCCTGGCACGAGGACCTTCGCCTTACCTATCCGGACCAGTGGTTAGGTTTCCGACGCTGCATACAGCGCACCACATGCGCATAGTCAGGGAACAATTCCCATTGATACATACATCCAATTCCGCTGTGCGGGATCTGCAATGCCGGGCAGTAACCCCTATCACACAATGGAGGTGGCTAGTGTGCCAGTAGACAGTCTATATAAGGCCCCCGATGCATCGGGTACTGGTTGTGGCGTCCGATCGACTTTCCACCAAG;Lupus;Neurofibromatosis;Virus usutu;70%;
Jared Hawkins;126181-9369;AACAAAGTATGGGTTAGGGTTATTTGCCACTTCATGTGTACTTACCTATAGCGACACCATCCGTGTTTTGGATACCTACGGCCTGAATTTAAGGTAGGCTCACGTCACTAGGCGTCAGCCGGCGCGTCACTACGGGGAGCATAAAGAATAATCTTGTTTTAAGACGCCCATGTATATCTCCCGTACCTCTCAACGAGACACAACAGCAGCGTCATCTGAACAGTATAGCTTCATCCTCCGTCCCTTACGACTAGCAACTCTTGTGCCCTGTCCCGCGCCATCAAACCACTTTCATCCAAAATCGGGATGGAGTGCGGAGACCAATTGCTGAAAGTATAAGCTGGCTAGCGCGCAGTTGTCGAGGTGCGACGCTTCTTCGGGGCTTATTCGCGACCCTTTG;Diabetes;Melanoma;Neurofibromatosis;70%;
Iona Pittman;352611-0436;CGGATTGTCGTGAGATCGTTCTGTGCCTTTCCGCTACGCAATAGACGTGATCCCGTGGGCCATGCCCTTTTGTTATAGGCGTGGGTTCAACTGGAGCTGCGCATCGGTACATTACGGCGAGCAACCATTCATTCCTCTTGCTAAATGAGATGCTTTTTTAGGCGCGCGTGACTGTTTAACAACCGAAACGCTAACCTCTGGCGAGACATTGTAAAGGGAATGTGACCCGCCCGACACGGCTTTGTTAGCGCCCTGAATGCATCCCTGCCTTTGCGTACTACATAGACCAAGCGCAAAAGGAAAGGTGTCTCCTGATAAAGCACATAAATGTGTGACAGACTAACAGGAATAAGAGATCCCCTCGCTCCAATTGCGCAGCCAAGTTCCATCCACTCTCATG;Diabetes;Gastritis;Neurofibromatosis;70%;
Judith Downs;529546-1031;AGTTTCAGACGAGTCACTCGAACTCGGTTCACGGAAGAACCGGAGCGGGACATAGTTAGCCTGGACTGAATCAGATCTTCTTTTGACCTCTGAACAGATGCAACGACCGGTGTTGGAGGTTGGGCGCTCGTCAAAAAACCGACCCCAAACCCTTGAAGCGGAGTGGGATGGTTTGCAATGCGTAGCGCCAGTCTGATGTACCAACCCTTCTGACGTTACAACTAGCCGGAAGTTATAGTTCCAAATTATGTTCGTATGGCCTGCACCGCTGAGGCGCGTCTAGGACGGGTCCGATCAGCCCGGAGTTGACATTACGAACAGAGTAGACCAAACGTTGCTACCAGATTGGACTCCGAGCGGGTGACCATTGTAGCTACTTATATAGAGAATAGTAGTCAAC;Gastritis;Insuficiencia Renal;Virus usutu;70%;
McKenzie Waters;362234-3238;AGAAGGTTGTTCGATATCATCGCGTAGGTTTCTTACCATAGAACGCCGACATACGTCGCTTGTGTTCAGGCACGATCACCGGCTAGAGTCGCTTAGCATTGCTACATATTCGAGGCCCCCCAAACCGTATCGTACTAGATTCTAACCCTCATGCAATCGAACTCATATGAAATACCTGTTCGGTAGTTTGGGAGGGTTCACAGCGAACGCCGGGTGGCACTCAAACTCCGGGACTTATCGACAACGCCAATAATTTGGTTCATCCCGTGCTTCCCATTGCGCTGGCCGTAGAAGAATTTTTTCTAAGAGCGGGTAGGGCTGACAAGGCTATCCACTTGCGGGACGAGACGGTGGACTAATAATGTCGCTCGAGAAGTCCTCTAAGGGTAGTTCGGGTATG;Diabetes;Neurofibromatosis;Varicocele;70%;
Jayme Moore;408692-4687;AATATCTGTTAGTCCAGACCTATCGACTGAACTCCTTGCACGGCTGCACGCTTTAGGTACACATCCGTACTGGCACGGCATTGCAAGGGCAGCACCAGCATAATTGTAACGCCCAGATTTACCGCAGCTCGTGAGGTCATCCGGGCGATATCCTATAGACGATGTTAGACTTAGACCGAAGGGACTATTTAAATATAAAACAAAACTACGATGGCTCTTCGGCGCCAATCGGATGACGAGCCCCAAAAAAGCTTTAGGAGTGTGGCGGCCTTTACCTTCGTTTTGAGTTTCACTATTATCGTGGACATCTGATTCGGTAGGAACCGCGCGGGCACCCGTGGTTAGTTCCGTGAAGCCAGCTCGACCCAGTGGTATCTCAGTGAGGTGCCCTCCCTGCCAG;Lupus;Neurofibromatosis;Varicocele;70%;
Rajah Stanton;846522-2480;GGTACCCAAACTCCAAGTGCGCAGAGACCCCTCCGCGATTGCGCGTACGAAAATGTCAGCATCGTTACCCTACGAACTTAGTCTACAGCAACCGTCAAGTCTCAGTCTACTCGGCGACCACTTAAAAACGTCTCGGCCTCGGAGACATTGCGCTCCAAGACCTCTGGTGCTTGGGAAGCCTGCCTAGCTGTCTCAAGCCCCTAGACCTGAATAAGTGATGGATCGCTCTTGATGGCATCGCCGTGTTGAGGTGCCGTTCCGCGAGATCTCTTGGTATAGGGTGTTCTCTTGCCGTTGATAGGCCTGGAGGTGCACCTCACGAGTCTCGACCGAGGTCTCTCATTACGTGATTGCAAAGTAACATACTAACGCTAGTACAGATCAATACATACGTCAATGT;Gastritis;Varicocele;Virus usutu;70%;
Thor Thomas;929422-1727;TCTCGAGTTAGCTTTGTGCTGGCGGACGGGGGTTCGTGTAAGGTAAAGTCAAAGGCCTTCACAGATATAGCTCCGACATGTGGATTGTTGCCTGTCTATGGTTGATTTAACGACGACCCAACGTGTGGCATCTCGGGGGTTCCGCATCTACGGCCAAGTTGGACCATGGAATGAGGAATGGGTGCCAATACACATCGTCTGTTGCGATGATGTAATTCCCGGGGGCCAATGTGCCCAATCAACCCAGAACGTTTGACTTTTATCATCCCGCGTATATCATAGCCAATCCTCCCGCGGAACCCCTCTGTCAAGAGTTGGCGCCCATACATATCGGGTCGTTCGCGCCTCGTAGGCCGAAGCAGAAGGAGCAATCTGGGGAGTGTGCTGTAATGAAGCCAGT;Dermatitis;Lupus;Microcefalia ;70%;
Channing Knowles;662313-1502;GCCTATCTCCCCGGTTAGTTCGTGCTTCCACTAGACGCCCGCCTACCAGCGTAAACCCAAACGGGGTTTTCTAGTTGAATCTTACCACGATCTGCAGTAACTCCAATTTCACCAGGTCCGGGATGGCGGCTACCAGAGTATAGCATCGGGACCCGGTAAGTAACGTCTACGACCGTACATATGCTCGCCCATATCTCCAACGTACCATTTGAACTCACCAAGCCTCAGTAGGCTCGTTTGGTCGATACCGAGCAAGCTAGTCAAAACGTGAGTGCAGAGATATACTTAGTTTCACGGGTATGGGCGGCCAGGCCTCACCACATAAAACGCCGTACTAAAGGGTCCTGCTTTGTCAGTAGACCGGCATAACCACTTAGGTAAAGTGCCATCGTAATCTATA;Galactorrea;Neurofibromatosis;Varicocele;70%;
Dustin Velez;685207-4696;CACGCAAAGGACATTGGGCAGGATAGCGTGAACAAAGTCGCTGTAACTTGGCGAACTGCTTCCTAAATAAAGTCTAGTATTGGACACGGTCATAAGCTACACTACCTTGGTACGATAACCTACAACACGCGGACCGACCGGGCCCAATTAGGGTTGTAGTTCTATAAGTGCAAACAAAAGTAACTCAGGCTCTCTGAGAGCGTCATATTAAAGTCTGATGCCCGCGCCGCTGAAGGACCTACGGGTGCAGAAACCCATTGCTGTTTGGTAGGGACTCGAGGTATGTGTCTACCATGCTTCCGTTTTGGAGATCTTTTATTGCAATTAGAATGTTATTGCCCAGTATTACTCCGTTATGGTCGCTAGGAGTAGTATAACTTGAAACCGTGGAAGAAACCTC;Escoliosis;Microcefalia ;Virus usutu;70%;
Shelly Mcfarland;229815-5637;TTTGGTGGAACAACGCTGCCCTCAGGCGAATTTAACTGCTTTCACTCGGGTGGCAGGGAAGGGTATCGTTCACTTTTCTAGCTACTTCGGTTGAGCTCATGGATTATGAACTCACAGGAGCTTAAGCCGTTCCGGGTGAATGAGTTTAGTAGTTCTATAGTTATGTCGTCGCTCGTTTCTCACCATCAGGCACTGCGAGAACGCAAGAGAGGGCTAGATCTCATTCGTGGGTTCACAACCCCAGGGGTCTTTATGGGACTCTATTAATAATACCCCTTGTGCGGCGTGGATCCCCTTACCAAGTTTGACGAGCCCTATTCCCGATACTGTTACTTCGTTCCGAGGAGAGGGGACTCTAGCGTATTATCCGACGGTGATTGACCAGTGGCGTTCATGAGTG;Diabetes;Insuficiencia Renal;Lupus;70%;
Nell Montgomery;247351-5373;CATCTACGGTTCTGTTCCACTAATGCGTCCTTCCATCAACACCCCACCGGAACTGTGTTACACCCAGATGGATATTCTAGCAGCGATTCTCGTACCTGTGCGGCCGGTATGGGAAGAGTACGTTTTTATCTGCTGAAATCATTGGAATTGTTCCTGACCAACGCACTGCAGAATCTATAAGTCACGCGCCGCGGACGGGGGGTTCAAGGGCTGGGGGGACTTACCGGAACCCCTCGAGGAACGTCCGCGTGGCTAAGGCGTTACAACCGAGCCGAGCGGGCAACGGCGACAATCTTTACGTGCTCGGATTCGGGCACAGCAGTATGGGGCTGACCTGGGGTACTTCGCGCAGGGTAGCGTGCATAAATTACGCGCATGAGTTTCATTATTGGATACGTTG;Gastritis;Lupus;Neurofibromatosis;70%;
Zena Powers;283876-8097;TATGAATCTCTCCTGAGACTTATAGATACCAGCTATATCATAACTCCTTGGAACGACCTTGCCTTCCCGGAGAGGAGAACGAGACCTCTAAAAAGGATGCACTCGACGAGCTACTGTCCGACCCTCGCCCAGGTTTACTATTCGTAAACCGGGTCAAAATCTCATCTAGAAGAGGTAACGAGGGTGGGGAACCCGATCGGTCTGGTACGCATGGGGTAGCGATAAAACCGTTGAGCGTATTATTCATTTTAGTACTGTGCGGTGCGTACTGAGAGACTACGGCTGTATCGGTAACGATGCCGGAGACCTGTTGTATGCGACCTATCTCCCCCACCGGCCTCTCCAACCTGAAAAAAGTGCACCAAGGTGTACCGAGTACGGGAAACAACAACACCAAGTT;Lupus;Microcefalia ;Neurofibromatosis;70%;
Gray Bean;664659-3787;GACCAGATTCCAGCTATCGGATCGCAGGCAGATGTCTGCTGAGCTTCCTCCGGAGTACTAGTCAGCCATTCATTCGGGTCTTCAGGCGCCGAGGCGAGATCTCAATTTGGAATAAGCCTTGTCTAAATTCCCATGGAAGGACCATTACTCCTGATTTATTGAGGGATGTGAGCACTAATTCCTACCGGCTCTTCTCAGTTAACGGCTGTCATTGCGGCGGACCCACATTGTCTCATAGATGACATCTACATCTTGCATTGTGCGTAAGGGCGAGGCCACTTAAGACTAGACTCTAGGTGTTCCGACCCAAGAGCAGAGAGTCGGTCCGAAGTAACTAGCTCAGCATCGCATGCGGAGCACAACCGCTTGCCAATCCAACGGAACTATGAAGTATTGACCT;Lupus;Meningitis;Neurofibromatosis;70%;
Randall Guerra;384572-3869;TGCTACGTGAAGGAAGCATTCTAGACGCGTCGATTGCAACTCACGAACACAGCGTAGTGGAGCCACCAAATCCGCGAGCCTGCCTGGCAAAAGTAGAACCCAGAGGCAGTCCCCGCTCTACGTACCAGGCGGGATGCAACAGCTTCCCCCGAATTTATGTAGCTTCTAAGGTGAACATGTCGCTGCCTCAACACAAAACTGTACCATCCAACTGTAAGTCTGCGAGCGTGTTAACTCGAAGGGTCCTAGAGCATTGCGAACCTATTAAGGAGCATCCTACAGATATTAGGAAACAGTTCCTTCGAATCTCTCAGCCCGAACTCGAACTACAATGCCCTGTACCTTCAACGAGTAAACACAAGGCGCTCCTTCTTTCAACACGGTCGTATCCGCAGGCCAC;Microcefalia ;Virus usutu;40%;
Anthony Cortez;124001-2722;TGGGTTGTAATAGTGAGTACCATGATTGCGCTTATCTAGTATAGCGAGTGGCCGCGCTCGGCGGGGCGCATACGTCACGCTGCTACCGGCCAGCATCGTTTTCCTTACATTAAGCCTAATGACGCAGCATAGCGTCCGCTGGGGAGACTTCGATTGAGAGACTCGTTGTCCTCTTCAACTAGTTATTGCTGACGGTAGATCCATATCCTGAACATGGCTATGGGTAAGCTCCTAGTTGGGGATACAGACAGCGCTATGACAGCCGCCTATCGGTCATCGCTGGCCATAGTTTTTCGATACGACTCCAGGAATGCTGTCAATGCGTTAGGCCGAAGGTGGTCTATTAAGTTGCCAACAACCTGCGCCTAACGAATCGAGTACCTGGCAAGGTAGAGGTATG;Escoliosis;Galactorrea;40%;
Abraham Galloway;198972-1459;TTGTCGGCGAGTATACACGCGGCTAAAGTGACCGAGGTTGTACGAGCGTCGGCCGCGTTTGGCTTGCACACTGTACCAAAATGGTACATTGGTAGCTCACGGAATTCTGTTGAGCGGTACGAGACATCGCGAGCGTAGTAGACACCTCAAGTAGTTGTCAGTGCTTGTGGGGGATAAAGGCGTTCAGCTGATTATCTCACGCATGGTCTCACTACCGCGAATACCGGGGTACCAGGAGGGACCCGGGTATGGTTCCTCAGTTGATCGGTTAGACGATTGTGCGGTGTCCTACACCCATGAAGACGGGGTCGACTTTGACGTTTTAATGCCAGTAGGCTAAATAGACCATGCTGCACCCACTATTTCTCGACCACAGTTTGTACAGGTTGACAAGTCTGTG;Microcefalia ;Virus usutu;40%;
Grady Cotton;992715-4378;TATGGGCATGGGCTCCAATGAGGGCGTGAACTGTATGCAGAGAATTAAGTTCCGTAACATGGTTTTCCTGCCTGGTGATGGGTCGATCCTTGACGGTGAGCAAGGGAGAAATAACCGCCTCTTGGACCATCCTACACCACGCGAGTTCTACCGGCCGAAGTGCTGCAGCCACCGCTTGTATCGGTATACTGTATCAACCGTGCCAGCCTGGCTTAGTAGTGGATATTTTCGTATAGTTGAGTTTATTCCCAGGGCGCTTGCTCCCGTTACCGAACTCGGAAACTAATGCACCTAAATGGTCGAAAAAACGCCGCTCCAATACTTTTTACTGGAGGCCGCGCTGCCCGGGCACTGGGTAAATAGCTGGCGTTGGCCCTCAGCAAAAGAAGGTAAAGCATTT;Microcefalia ;Varicocele;40%;
Demetrius Rodriguez;754407-4953;GGCTGAACACGCGCATCGTGGTGATGGATTTCTACTTCTGAGTCAGGATCCGATTATGATCCGCACATCGGAGTTTTCGATACGAGCTGACTTGCGCCTACTACGTGTCTATATAGGCCAGAAAAACCCGAAATTGAGACTCAAACATTGATGCACGGTTCTGCCTGCTCTCTAGCACTATGTATCAGACCGGTACCACGCGTTGGGAGTATGTCCGCAGGACTACGACCCGTCGGCCGAACTTTCGACAACGAGGATTTACAAGACTTCAATGTAGGTAGAAAAGAAGGGGCGACTACACGAATGGATCCGCGCGTCCTCGTCATCTCGGGTCACGTCTACAACAACAACCAGAGTACAGAACGCAAGACGAGTACAAACAAGGGTCACGGGAGAACAG;Insuficiencia Renal;Melanoma;40%;
Declan Obrien;624032-8994;GACGTGAGAACGACCGCTTCGCGGAATTACCGGCATTGTGAGCTCGGCAGCCCGGACATCCCTCGTACGTCACAGGTGAGTACCATACCCTGTCACCCGGGGGTCTTGAATGTCAAGTAAGGGTGTTGGACTATGCCTGCAACCTGCCTGTCGTCTTAACTAGAGTCATGCCCGCTGTCACTTAGTCCGACGTTCTAACCTTGGCCGGCTTCGATTTCAATTTCACCGGTCGGTAGCATGCTTCCGCTACCGCAAAGCTCACCGAATGTTATTTCGCGGATATGACTTCACGGTACAGCTGGTTTCCGGCGATGCTTAGTTCCCTGGAAAACTACAAAGTTATATAAGTGCACTTCGGCCAGAATACGTAGCTTATAGAAACCTATTTGGTTCTAAGTGA;Diabetes;Varicocele;40%;
Natalie Robertson;592182-0790;TTTCCCACTGTGATTTGTCTCTGATACTTGCCGGTAAAGCGCAGATGCCCTACGATTCCTGAGCAAACGGCTCCGTAAACACCCAGGAGGCCGGACTATCTTACTAGGGCGCACCTTGGGGCAAGTTGATCACGGGGCGGCAAGCTAAACTTTTATACTCCAAACATAAGTGGGGGTGCCGGGTGTGCTAGCACAGTTTGCGAACCTACCTCGCTCGTGTGCACCGAGAGGCGTCGAATCTCGGAAGACATGTTCTTTTGGACTGGCTACTAAACGTGAAGGGGATCAGGAAAATCGCCTACACTGGATCGTTGCGTCCTCACGAAGCACAATACGCGTTTCCGACATTCGTTTCTAATGAATCAAAACAGGAACTTCGACCGCTGCGGCCGCATCGAGT;Insuficiencia Renal;Lupus;40%;
Leah Barry;858607-5767;TGTCGAGAAAGGGTACACCTTGTGGCTATCGCACCCAAGATCGCCGAGTGTCAGTCTTCCGCACAGCTCGTTAACATACCCGTAGGTCGAGCCTCGTCGATAGTGATGGTAGTTACATATATACGGAAAGAAGTTCACCAAGGTCTCCCGACCATCGCCTCGGTTGTCCATCCGGACTGGTCTGATTCATAGAAGAGAATGCGAGCTTGCCCGATGGTTAGGGAAATGTGAGACGATTCTATCCGACGAGGCTCTGAATGTGGGGCGGCCGTAGCTGTTGCAGTAATGCCACCCTCGCACACCGTCGGGCAACTGCTTACTGGACGCGTTAAGGCGCCGCCCAGTTTGTTCGTCGGGCCGCCCTAGGTGGGGCGCTTGTATTTAGGGTTTAATCAAGGTA;Fiebre Amarilla;Virus usutu;40%;
Adam Prince;387401-9957;CGGGGTTTATGGGGGCGGGTCACCGAAGTTGGTCCCTAAGACAAGAGCCATGTTAGAATCCAACCCGGCGCGCCCTCTGCCAACTCCATACCGGCAGCCGGCTAGCAACAAATCCCGGGCCTAAAGGCTGCCTGACGGTGGTAGAAATGTAGGCGGATCAGGCCGACTCGGAGTTGGGCATTCCTGTCGTTAGATATGATATCCTTGGTGCGACCCCATAGTCCTAATGTGTCGAGCCAAGGCGCCCTTCAGAATGTGGCTCTCTGCCCGGGTGGCATGACACCTGTGTGATGGCTTCCACTACGGTACGTGAGGGTGAGGATGGTATCCGCACCCTTACAATCCATCTAAGCATGGAACCTTGTGTGTTCCCGAAAGTTATGAGAGCCCGTGGCCCCGC;Insuficiencia Renal;Lupus;40%;
Chelsea Brady;906151-3272;AAGCATTAATAAGTTGCTGGTAGCGGGCTAAAGCGAGCCTTGTCATCCTAACATCTCAGGTTACTAGTCGCCATAGTGTGCTTCATATCAGTTATCGCTCTTTTAGCGCCCAACACCTGCTCCTAGATCCTTGGAGCAGGAGCGAGTGTTCGCACCCATTCCAACTACGGGCATCCGTGCTGTGCCAGCACCTGATCTATTTGCCCTTCGGCTACGACAGCCCTTGATCAGCTCTCCAAGTAACGCGGCTGAGCATCCTAGGCCCGTAAATGCACCAGATCAAACTTACTTGGATAGGGACCATCCTCAATGAAGCCCAGCCATGTGGCAAAAGATTGCGGATCGGGACCCAGCATATCCAATGTTCACTATTGTTCTTCAACTTCGTACTCTTCTTGGT;Insuficiencia Renal;Neurofibromatosis;40%;
Jessamine Roy;749386-0998;GGGCCGAGGAATGATAGTCCTGAGCAATTTCGACTCCCGTCGTGGAAGCACGCTGAAATCCCGACCATCTCAGTACGAGGATAGCCTGTCTGGCTAAGAATAGTATAGCCATGATTGTTGTACAAAGAAGGTTCGATGTGTTGTACAGCCCACATGTACAGCACGTTGTGAGCCGAAAAGATGTCGGCTCAACATGAGGTCTGGTTACGATAATGAACCTCACCTCACACCCGAAAAAACTGCTATTAATTACCTACAATACGCCGTTAACTGAAACGGCAGGCGTGCTGATCATCTCGTTTACCCTAAACCGACTCGTCTTAATGCGCTAACAGCTACTTGCGAGCACAGCCAACAATATAGGGTAGAACATCCGGCCTCATAAGCGCAGCTTGTGAGG;Cancer;Melanoma;40%;
Wanda Valencia;046153-6708;TAGATCGGAACTCCAATACGGGTATCCGCGTGTTCTCGGATATTGGCCCATAGTAAACGACTGAGGTTCATCCTCAAGGTGTGAGCTAGCCACTCCCCAGTGCAGCGTGCGATCAAATCAACTGTTTCAGCGCACCCTGGCTTGAATCCGCGGTCACCTTTCCCAAAGGTGTGATGTAGGAGTTATTTATTTTACGTCAGCCGAAAACTACAGATACCTTCGTTACACTTGGGGCAACATGGAGCGACTCGGGAGTTTCAGCGTACCGGGGGTACGGGCCCGGTGTGTCAGTTAAACATTCATAGTACGAGGAGAACCTCCAGCGAGCTTTCAGTGTTATGGAATTTAAATTCTAGAGGTGGCTACGGTTCATGGGGCCCATGGATTGAGATGGATGGAA;Diabetes;Lupus;40%;
Oliver Chang;007580-2553;GTGCCGATAAACAGAACCCCGACACAAAGTTTGGAATTTCGTTACGTGCGTGCTACCTACTGCTGTGTAAACGAGGGAATGCCCACCTCCATAGACTCAATGGGACGTCGCGGACTCCGGCAGTCCTGCAGAGCTGGCAGCCGGTTCCAAAGGTGGTGGACGTCCTCGTGCTGGCGTGAGCCGGGACGATCATTGGTTATTGTATTCTGTTGGCTGCCAGACTCTCAGATGGCCGGGAGCTGCTGATATAGCTTGGGTGCTGCTATTCACGTAGGTTGCTAAACCCGCCCCGCTCCCGAACTTAAACCTTTGGGGAGTTCGGTGAACAGAAGCCCATAAAGGGTTTCCGTGTAGGTTCCTGGCCAGGGCCATCCGTACTGTTGTGCTGAACTTATTTCGA;Melanoma;Neurofibromatosis;40%;
Timon Hooper;948529-5761;GCACTTTTTTCACCCTCACGTCTTCCGAGAAACAACCGCTAACCTCTTGCGCTCGCGACTAGCTAATAGCATTAGATCCGAGGGCAGAAGCTAGAACAAGATTTATATTTACTGACGGAGATCGATAAAATGCATGTGTGCGAGTGACTGTCATAGAACAATAAATAAGGGCTTATACCTTCCAATCAAGGGATGACCTCACTCTCCATCAACTATAGCCGCCCCGTGCGCGGGCAATGTATCACATGCAGATGTATCTCGAAAGATCACCAGCAATACTAACAGCTGTGTAATCTAGCTGGGAACAGGAGGCTCCTAGCATATTCTAGTCCATTGCCGGATGTACGATCACATGATGCTAAATTGAAACCTTAACGGCGTTGTACAAGGATATTAGCGA;Lupus;Melanoma;40%;
Macaulay Macias;508719-8932;GCATTGCCCGTTGCGTGGTAGCGATATAGTTCAAGTCGATTCTCTAGTCCCGCAATAAGGCAAATTATCTTTACGATCATATGGGCAACGGGTGGCGTGCTTATGTACGAATTGTTTGTAAGGTTATAGGCGAGACACGAAATAGGAGCCACCCTAAAGCAATCCTGGCAGGGTCTGTGCCCACTTCGCAGTGACACTCGCACCAAAAAACGGTGATTCCAGTTTTCAGATTAGTGCAGACCAATACATGTAAACCCAGTAGTACATACCGCAAAACCCGCGACCGCAACAAACGGAGCTTAATAAGTCTGGTGCCTACCGACGATCAATCGTCCCGAGTTTCTCGGATGACTCATACCCCAGTTTCTAGCCAGGCCTGAGACACGTAGTTAAGAGTCGG;Melanoma;Virus usutu;40%;
Shelly Hobbs;805596-2693;GATTGCACGTTTGTATTGAAATAGCTTTCGTCGATGTCCTGAGTCGTGTCGTCGGTATGGCGAGGCAATTGAGGGCTGCCTCGACCGAGGTGATTCGGTTACTCGACCAGGTTGCGCGGACTTATGAAGTGGTGCCCGACGATGAGTAACTTGTCAAACCGGATGGCGGAATGTAGGTTTGTCACTGTGTCCTCCGCCGTACCCTCAGCGATCTGGTTTCCACCATTCTAGTCGGTCACCTTCTATGGATCGTGAACTTCTAGGCAACGAGTTGAGACTACTCTAAAGGGCCGCTCAATCATTAGCGGGGACGACGCGTCGGGGTATGCCCGAACTTACATTCCGGGAGCCGGATACTGGCATACACCTCACATTCGTGTGGTGCTAAAATCGCGAGCCA;Dermatitis;Melanoma;40%;
Ivor Pruitt;504777-3683;ATACATCACGGCGCCGGATGTGACGATATCGTAGAATAGAAATGGAAGACTAGCAGTTAAACGTTCAGACCTGAGAGATACTGACTCTGTGACGTCTGCCGCTGCCCCCTATAAGCAGGTCTAGAGCGTTCCAATCTTTTCTGAGATGATAGGTAAATCCCCAGTACCCACCCGGACATTCCGGGAGTTCATCTTTCGACACATTGCGTTTAGATTACCTCTTGAATTCTCTTTTCTGTGCCCAGGGAATGCTCGCGTAGTGCGACAAGTCAAAAGGCGGGGAAGCACAAATGGACAAACGACCTGAACTGCCCACACCAGTTATGACTTCCACCGTCAAGGCCGACCCTACCGTTTGAGTGTACTCGAAACAGCCGCCGGTGCGGGCCATGCTGGGTAA;Cancer;Neurofibromatosis;40%;
Abel Compton;493707-5648;CGTTTTGTACAGTTATCAGGAGCCGGCGTTAAGGGGAAAAACTTCTCATTTTTTCTGGCATCTCGTGTAAAGGTGTATAGTGCTTACAGCCCTTTAAGACCGGAGTGAGCGCGTGATATGCGCTGTAACAAGACTCGTGGCACCCTATGTAGATGTTACCGCGAGTGGTATCAAGAGTCGCGACCGGACATCGTCCTTGCAATGCGAGCGCGGCCGATACTTCGATACCTGGATCTCCGTCCATAGATAAGTGCTGCCATTTTTATAAAAAGGGACAGAAGCACGATTACCGAACATGTACCTTCCTTACCTCGCATATAGCACTACGAGGACTGGATTACTACAATCAAAGCCGATCCTAGAATAGCAGATAATCTATAGTGCTGAGAGTTATACATCT;Insuficiencia Renal;Microcefalia ;40%;
Justine Fox;622913-6954;CCAGGAGTAACTACGTTTTCTCCGCCGCCCTGCCTTTAATTCAGGAGCACCGCAGTACAGTCGTCAGGTATCCTTGAGGGTTTTATCCAAGGATGTAGAGGACTCCGCGTCGCCGCTCAGCCCCCAATAGGTAACCCGTGTAGCTGCGCCCTTATGTCGTGACTCCAGGTTCGTAGGTAATTGTGCTAATGAACTGGCAGAATTCGCAGAGAGAGGTGGGATTGGCCTATCTGGGCCGTCGTTTGTCTAATGGTGGTAAAATTGGTGGCTATGATTGCGTTGTTACGATGAGAGCATAGCGTTTGGACGAACGCCCGACCATACCACACGTGCTGTGATGTCGACAGGGACTCGTACACGGGCTGGCACGCCTGACTATACTCTGGAAATTCGAGAAGGG;Melanoma;Tracoma;40%;
Aristotle Marshall;697808-0379;CTATCCGGCGAGGAATACGAGTTAACGTGTTTCACTTTGTTGCTATAGCACCTCCCAATATGCAGTAGAAAATGCGACAGGTCTCCTCGCGCAGACACGTCCAGCGGTGCCATGAAATCTGCTCGTGACACCCGCACTTCAACTCCGCGTGCCGTACAAAGCCGTTGGATGATCGCGCCCTACCGCCTGTGCGACCAGACCCGATTACTGAGGGGTTTAGGCGCGAATACAGACAGACATCTGCGGGGGTGGCGGACGCAAGGCCACTTCGACCGCGTGGGGATAGACATGCGAACAACACGACTAATTTCTCTGAATCGGTCGAATCTATGCGGCTAGTCGGGGGGGGTTAACTGGTCTTTCTAAAGTCCTTCCCCACCTGGACGGTATTCACAAAAAC;Dermatitis;Melanoma;40%;
Benjamin Patrick;595826-7543;ATTGGCGGGTTGAAGATGTGTACACTCCCAATCCTATGTTCATAGAGGCTTGTTAACTTTCTCAAGTTTCCGGTCCGGGGATGGTCTCGTACTTTGCTCCCGGCTGCCCATGCAGTTATCACTATAGTGAAGCGGTCACCTGCCACTGATGAGCCGAATAGGTAGAAGAAGACTGCTCGCTAGTGCGCGCTTCCAGCCGGCTCGGAATCTCGCTTTTGTGCCACGTTGGGTGCCATTATAGTAGGAGTATACAGTCATAGAGACGATCGTTTTCGAGGCTTCAATTACACGATCAAGAATTCTTGAGCTTTGCTATAGACCACAAAACATAAACGTTGTGTATATGTATTAATACTCTGCGTAGCGTGCCGACCGGGCTACCATCTATCGGCAGAGCGGA;Melanoma;Neurofibromatosis;40%;
Chaim Holcomb;996881-1886;GCCCCACCTTCCCAAGTGTCAATCCGAAGCGGTGGCCGAAAGATCCGAACGCAAAAACCGTGAGAATCCTGTTGCAGGTCATCCTAGCCCAGGAAAGGCTTCGTCGATCATGAAACTAGGGCGAGCCGACTGAAAAGTGTCAGGACCCGAGACGCGTTGCTTCGCGGGTAATTTGTGTTTAAAGTATTCTGGGTGTCTCTACAGAACGAACCAAGTATCCAGACCCCCGCCGTAAGTAGGTCAAATACCCCAGCCGGATCGAATTGCGGACAAATTTGGAATATTGTAAGAGGGCGGTCTTTCACCTGGTCGGTGCGACTTTAAAGCGGTGCTCGCAATAGATGGGGTGTATTCTGCGAGCGGTACTACCTATCGTGAACGATTTCTACCCGCAAGTTGC;Diabetes;Neurofibromatosis;40%;
Chantale Conrad;695267-5012;TAAGTGGTTTCAGAGTGAAGTATGTTTTACCACGACGTCCCTCATCTATTGCTGCGCACTCGCGATACAACGTCGGCTGGGGCTAACCACGGAACAGAGGGATGTTTAGCAAAACTGTGTTGAAGACGCTATGATGGATCTGCGGTTATCCGCAACCAGCATAGGTTGCCTACAATCTTTCTCCTTCTAAAGGCACCCGGCCAATGCATATCCCACATGTCAACGGCACCCCTTTTATTGCGAGTAAACTCTATCAAACTGTTAGCTGAGACTGGCAAGGACGTATAGTGACTGCTCTGTTCCCAATGGGGAGAGCCGGAAGGAAAAACTCTAGAGCCCGCCCACTATGGCGACGCCCCGTAAAACCTCAGCGTAGGGGTCTCTCCGCGTAACTTGGGCA;Escoliosis;Lupus;40%;
Gloria Wagner;584008-5673;TTTGGGGTGTTAACTGGCTCAATCGAGCGACATAGCGGTTATAGCAAAAGAATCATTGAGTACCTATGTAGTAGGAAGAATTCCGATTACCAAGAACAATAAGAGAATCAAGATGTTGGAGAGTTGTATCAAGACCAAAGCGCGGGACTTCAGGCCTGGGGTCGATTGCTGAGGACGCGAGTACTAGTTCAACGTGGTTCAAGCGGGCGCTCATCCTATACAAGGTCACACGGCCGTTGCGACAGCAATCCCGGCAGTGAAATCCGCTCGTATGGCGAAGCTGTTGCACGCTCAAACGGGGACATGCGCTATAGATCTAGGGTTCCTCCAGATCCACGAGAGACCACGCTCTGATAGAATTTGGATGAACCGTAGCGCGACTTATAGGCACGCACATCAT;Galactorrea;Neurofibromatosis;40%;
